song_id,user_id,timestamp,duration_sec,title,artist,genre,mood
S0048,U078,2025-05-05T20:38:36.000Z,151,Experience get never,Carlos Smith,Rock,Happy
S0013,U052,2025-04-28T08:54:47.000Z,50,Call everyone,Jason Strickland,Pop,Chill
S0050,U083,2025-05-05T22:51:36.000Z,240,How nature explain,Joshua Santos,HipHop,Happy
S0012,U070,2025-04-25T02:46:33.000Z,172,Remain would,Mary Cook,Classical,Chill
S0039,U055,2025-04-28T03:30:47.000Z,119,Could task,Samantha Cooper,HipHop,Sad
S0042,U006,2025-05-05T14:00:29.000Z,136,Tough people,Sherri Fleming,Classical,Chill
S0024,U018,2025-05-01T12:20:50.000Z,248,Situation next,Bruce Richardson,Jazz,Energetic
S0006,U025,2025-04-24T10:44:49.000Z,67,Experience rather,Michael Williams,Pop,Energetic
S0035,U002,2025-04-28T18:47:22.000Z,136,Try investment agreement,Glenn Williams,Jazz,Sad
S0037,U085,2025-05-02T03:45:15.000Z,255,Pretty list political,Sharon Martinez,Jazz,Chill
S0019,U028,2025-05-04T11:59:08.000Z,35,Huge power,Gary Patterson,Pop,Happy
S0023,U070,2025-05-03T11:52:11.000Z,81,Support heart discover,Raymond Brown,HipHop,Energetic
S0009,U072,2025-04-26T04:49:06.000Z,132,Seven paper record,Jennifer Carpenter,Classical,Sad
S0006,U064,2025-04-27T00:37:41.000Z,105,Experience rather,Michael Williams,Pop,Energetic
S0041,U017,2025-04-25T14:49:33.000Z,42,Establish member,Sarah Griffin,Classical,Energetic
S0020,U025,2025-04-23T00:00:32.000Z,223,Actually ok day,Ryan Burns,Rock,Sad
S0005,U071,2025-05-03T08:51:47.000Z,238,Degree,Christina Myers,HipHop,Sad
S0016,U083,2025-04-26T04:45:35.000Z,62,Particular federal today,Michael Park,Rock,Happy
S0017,U069,2025-04-25T17:44:50.000Z,265,Sell strategy physical,Christine Cross,HipHop,Chill
S0004,U028,2025-04-28T09:35:59.000Z,209,Imagine blue,Vickie Kelley,Jazz,Happy
S0003,U053,2025-05-05T05:19:24.000Z,285,New leave fact,Jay Nichols,Pop,Sad
S0004,U005,2025-04-27T11:33:04.000Z,195,Imagine blue,Vickie Kelley,Jazz,Happy
S0010,U031,2025-05-04T02:20:31.000Z,67,Writer young,Jessica Chapman,Jazz,Chill
S0040,U009,2025-05-04T21:49:54.000Z,85,Interview whatever,Ashley Deleon,Jazz,Chill
S0029,U024,2025-05-02T20:46:12.000Z,284,Participant test bit return,Lisa Sweeney,Pop,Energetic
S0035,U034,2025-04-23T03:43:10.000Z,244,Try investment agreement,Glenn Williams,Jazz,Sad
S0008,U038,2025-04-27T15:57:19.000Z,109,Discuss yourself window,Kathleen Bailey,Rock,Energetic
S0018,U009,2025-04-24T23:21:47.000Z,43,Quality future,Mercedes Cooper,Classical,Happy
S0043,U055,2025-05-06T23:20:09.000Z,113,Long spend,Mary Sutton,Rock,Energetic
S0021,U068,2025-04-29T20:59:52.000Z,182,Wall small hot,Scott Young MD,Rock,Energetic
S0040,U089,2025-04-23T13:06:28.000Z,57,Interview whatever,Ashley Deleon,Jazz,Chill
S0030,U075,2025-05-02T02:17:09.000Z,278,Have education,Michele Walker,HipHop,Energetic
S0043,U060,2025-05-01T22:16:34.000Z,258,Long spend,Mary Sutton,Rock,Energetic
S0013,U023,2025-04-27T17:37:26.000Z,87,Call everyone,Jason Strickland,Pop,Chill
S0039,U093,2025-04-23T19:36:01.000Z,284,Could task,Samantha Cooper,HipHop,Sad
S0010,U059,2025-05-05T08:10:08.000Z,229,Writer young,Jessica Chapman,Jazz,Chill
S0034,U098,2025-04-30T23:59:31.000Z,296,Behavior quickly,Teresa Ferrell,Jazz,Energetic
S0024,U062,2025-04-29T12:05:17.000Z,199,Situation next,Bruce Richardson,Jazz,Energetic
S0020,U098,2025-04-25T04:27:14.000Z,199,Actually ok day,Ryan Burns,Rock,Sad
S0045,U048,2025-05-04T20:25:08.000Z,51,When statement either,Shelley Silva,Rock,Energetic
S0039,U099,2025-04-23T13:41:50.000Z,32,Could task,Samantha Cooper,HipHop,Sad
S0042,U001,2025-05-04T22:07:12.000Z,179,Tough people,Sherri Fleming,Classical,Chill
S0037,U094,2025-04-27T08:50:37.000Z,228,Pretty list political,Sharon Martinez,Jazz,Chill
S0015,U008,2025-05-01T07:11:40.000Z,112,Fund like likely above,Ashlee Cobb,Pop,Chill
S0030,U013,2025-04-24T08:45:47.000Z,222,Have education,Michele Walker,HipHop,Energetic
S0021,U064,2025-05-06T00:17:12.000Z,122,Wall small hot,Scott Young MD,Rock,Energetic
S0030,U002,2025-04-23T15:23:42.000Z,53,Have education,Michele Walker,HipHop,Energetic
S0036,U033,2025-04-30T06:43:42.000Z,234,Administration the,Cody Zimmerman,Jazz,Energetic
S0022,U097,2025-04-26T19:43:48.000Z,65,Itself top economic,Debbie Liu,Pop,Sad
S0006,U089,2025-04-27T09:47:32.000Z,194,Experience rather,Michael Williams,Pop,Energetic
S0027,U052,2025-05-05T09:40:17.000Z,45,Still trip,Dylan Perry,HipHop,Chill
S0049,U051,2025-04-27T06:26:58.000Z,155,Deal part,Shane Montgomery,Jazz,Sad
S0048,U094,2025-04-26T19:45:30.000Z,200,Experience get never,Carlos Smith,Rock,Happy
S0010,U006,2025-04-29T10:28:23.000Z,237,Writer young,Jessica Chapman,Jazz,Chill
S0026,U074,2025-04-28T22:55:45.000Z,243,Also difficult,Derek Peters,HipHop,Sad
S0029,U068,2025-04-30T20:53:43.000Z,106,Participant test bit return,Lisa Sweeney,Pop,Energetic
S0002,U002,2025-04-24T15:27:26.000Z,35,Son mind south difference,Eric Alvarez,Jazz,Energetic
S0005,U053,2025-04-27T07:25:59.000Z,297,Degree,Christina Myers,HipHop,Sad
S0027,U086,2025-04-25T11:06:53.000Z,79,Still trip,Dylan Perry,HipHop,Chill
S0026,U036,2025-04-26T22:09:23.000Z,49,Also difficult,Derek Peters,HipHop,Sad
S0044,U078,2025-04-30T05:01:57.000Z,295,They near project,Melinda Hall,HipHop,Sad
S0001,U029,2025-04-30T21:56:54.000Z,224,Lose clear,Richard Leon,HipHop,Chill
S0030,U029,2025-05-06T03:09:39.000Z,178,Have education,Michele Walker,HipHop,Energetic
S0006,U008,2025-04-23T07:04:49.000Z,49,Experience rather,Michael Williams,Pop,Energetic
S0048,U057,2025-05-05T06:41:11.000Z,230,Experience get never,Carlos Smith,Rock,Happy
S0016,U045,2025-05-04T16:24:00.000Z,58,Particular federal today,Michael Park,Rock,Happy
S0037,U037,2025-04-24T04:28:26.000Z,236,Pretty list political,Sharon Martinez,Jazz,Chill
S0029,U006,2025-04-30T22:08:21.000Z,170,Participant test bit return,Lisa Sweeney,Pop,Energetic
S0001,U080,2025-05-05T10:44:32.000Z,58,Lose clear,Richard Leon,HipHop,Chill
S0020,U070,2025-05-06T08:34:01.000Z,195,Actually ok day,Ryan Burns,Rock,Sad
S0037,U073,2025-05-01T04:17:07.000Z,200,Pretty list political,Sharon Martinez,Jazz,Chill
S0037,U075,2025-04-25T01:07:31.000Z,160,Pretty list political,Sharon Martinez,Jazz,Chill
S0042,U055,2025-05-03T17:22:08.000Z,250,Tough people,Sherri Fleming,Classical,Chill
S0021,U045,2025-04-30T20:49:06.000Z,267,Wall small hot,Scott Young MD,Rock,Energetic
S0014,U032,2025-05-01T10:02:25.000Z,46,Eye event pressure,Mr. Johnny Fuller,Rock,Happy
S0027,U019,2025-04-23T05:48:57.000Z,130,Still trip,Dylan Perry,HipHop,Chill
S0037,U080,2025-04-25T19:43:29.000Z,262,Pretty list political,Sharon Martinez,Jazz,Chill
S0044,U084,2025-05-03T09:26:38.000Z,160,They near project,Melinda Hall,HipHop,Sad
S0040,U087,2025-04-24T12:40:44.000Z,222,Interview whatever,Ashley Deleon,Jazz,Chill
S0022,U047,2025-05-02T15:01:33.000Z,154,Itself top economic,Debbie Liu,Pop,Sad
S0005,U061,2025-05-03T10:19:51.000Z,223,Degree,Christina Myers,HipHop,Sad
S0002,U050,2025-05-06T09:23:38.000Z,179,Son mind south difference,Eric Alvarez,Jazz,Energetic
S0028,U089,2025-04-30T11:07:29.000Z,115,Production agree,Lindsey Ferguson,Jazz,Energetic
S0021,U045,2025-05-04T14:33:00.000Z,210,Wall small hot,Scott Young MD,Rock,Energetic
S0036,U051,2025-04-24T09:04:39.000Z,234,Administration the,Cody Zimmerman,Jazz,Energetic
S0015,U070,2025-05-01T21:28:57.000Z,122,Fund like likely above,Ashlee Cobb,Pop,Chill
S0036,U071,2025-05-03T04:00:50.000Z,290,Administration the,Cody Zimmerman,Jazz,Energetic
S0015,U090,2025-05-02T21:55:51.000Z,30,Fund like likely above,Ashlee Cobb,Pop,Chill
S0014,U008,2025-04-25T15:05:13.000Z,206,Eye event pressure,Mr. Johnny Fuller,Rock,Happy
S0003,U027,2025-04-24T05:29:28.000Z,78,New leave fact,Jay Nichols,Pop,Sad
S0035,U033,2025-04-27T23:35:15.000Z,215,Try investment agreement,Glenn Williams,Jazz,Sad
S0042,U019,2025-04-27T20:17:35.000Z,155,Tough people,Sherri Fleming,Classical,Chill
S0037,U034,2025-04-29T00:31:07.000Z,211,Pretty list political,Sharon Martinez,Jazz,Chill
S0013,U027,2025-04-27T15:50:17.000Z,241,Call everyone,Jason Strickland,Pop,Chill
S0044,U082,2025-04-29T16:19:30.000Z,182,They near project,Melinda Hall,HipHop,Sad
S0028,U069,2025-04-29T01:04:41.000Z,93,Production agree,Lindsey Ferguson,Jazz,Energetic
S0005,U052,2025-05-01T11:35:27.000Z,162,Degree,Christina Myers,HipHop,Sad
S0013,U050,2025-04-25T03:22:21.000Z,224,Call everyone,Jason Strickland,Pop,Chill
S0002,U095,2025-05-04T15:41:57.000Z,167,Son mind south difference,Eric Alvarez,Jazz,Energetic
S0041,U003,2025-05-02T07:47:53.000Z,298,Establish member,Sarah Griffin,Classical,Energetic
S0038,U001,2025-04-27T03:45:21.000Z,251,Some goal,Nathan Pruitt,Pop,Energetic
S0047,U011,2025-04-29T10:24:13.000Z,155,Wait mean,Ethan Reyes,Rock,Energetic
S0007,U087,2025-04-29T10:34:48.000Z,220,Manager song lose opportunity,Tracy Cunningham,Rock,Happy
S0016,U010,2025-04-29T14:15:19.000Z,241,Particular federal today,Michael Park,Rock,Happy
S0025,U053,2025-04-26T18:59:14.000Z,290,Character traditional,Zachary Estrada,Jazz,Sad
S0028,U073,2025-04-27T23:08:10.000Z,94,Production agree,Lindsey Ferguson,Jazz,Energetic
S0019,U058,2025-04-30T18:27:02.000Z,269,Huge power,Gary Patterson,Pop,Happy
S0006,U093,2025-04-25T20:35:42.000Z,293,Experience rather,Michael Williams,Pop,Energetic
S0023,U019,2025-05-03T18:38:28.000Z,279,Support heart discover,Raymond Brown,HipHop,Energetic
S0023,U035,2025-04-30T15:59:44.000Z,268,Support heart discover,Raymond Brown,HipHop,Energetic
S0044,U084,2025-04-30T02:00:47.000Z,221,They near project,Melinda Hall,HipHop,Sad
S0037,U028,2025-05-06T08:31:09.000Z,280,Pretty list political,Sharon Martinez,Jazz,Chill
S0019,U076,2025-05-05T10:35:33.000Z,218,Huge power,Gary Patterson,Pop,Happy
S0007,U047,2025-04-30T20:11:15.000Z,102,Manager song lose opportunity,Tracy Cunningham,Rock,Happy
S0028,U006,2025-05-03T06:31:05.000Z,157,Production agree,Lindsey Ferguson,Jazz,Energetic
S0015,U010,2025-04-23T14:42:45.000Z,50,Fund like likely above,Ashlee Cobb,Pop,Chill
S0009,U051,2025-05-02T19:12:32.000Z,214,Seven paper record,Jennifer Carpenter,Classical,Sad
S0030,U057,2025-04-28T00:02:39.000Z,82,Have education,Michele Walker,HipHop,Energetic
S0040,U096,2025-05-06T16:08:53.000Z,192,Interview whatever,Ashley Deleon,Jazz,Chill
S0021,U069,2025-05-04T17:57:57.000Z,160,Wall small hot,Scott Young MD,Rock,Energetic
S0030,U045,2025-05-04T19:27:37.000Z,161,Have education,Michele Walker,HipHop,Energetic
S0048,U041,2025-04-30T06:42:40.000Z,249,Experience get never,Carlos Smith,Rock,Happy
S0005,U066,2025-04-29T10:22:26.000Z,288,Degree,Christina Myers,HipHop,Sad
S0031,U006,2025-04-28T19:17:01.000Z,235,Sign page,Angela Wright,HipHop,Chill
S0042,U066,2025-05-05T19:50:18.000Z,135,Tough people,Sherri Fleming,Classical,Chill
S0048,U050,2025-05-03T16:48:37.000Z,286,Experience get never,Carlos Smith,Rock,Happy
S0049,U001,2025-04-26T18:23:46.000Z,243,Deal part,Shane Montgomery,Jazz,Sad
S0012,U014,2025-04-29T20:56:34.000Z,150,Remain would,Mary Cook,Classical,Chill
S0005,U060,2025-04-29T08:53:56.000Z,226,Degree,Christina Myers,HipHop,Sad
S0023,U093,2025-04-27T12:54:14.000Z,116,Support heart discover,Raymond Brown,HipHop,Energetic
S0041,U050,2025-04-27T06:02:01.000Z,106,Establish member,Sarah Griffin,Classical,Energetic
S0050,U056,2025-04-27T21:37:51.000Z,89,How nature explain,Joshua Santos,HipHop,Happy
S0032,U007,2025-04-28T01:58:13.000Z,167,Save future,Susan Stone,Rock,Sad
S0030,U020,2025-04-24T00:22:37.000Z,108,Have education,Michele Walker,HipHop,Energetic
S0032,U019,2025-05-05T04:24:37.000Z,292,Save future,Susan Stone,Rock,Sad
S0026,U035,2025-04-24T11:30:54.000Z,286,Also difficult,Derek Peters,HipHop,Sad
S0009,U038,2025-05-06T13:37:03.000Z,231,Seven paper record,Jennifer Carpenter,Classical,Sad
S0013,U083,2025-04-27T12:53:02.000Z,164,Call everyone,Jason Strickland,Pop,Chill
S0026,U016,2025-05-04T01:11:52.000Z,247,Also difficult,Derek Peters,HipHop,Sad
S0030,U024,2025-05-03T19:47:26.000Z,298,Have education,Michele Walker,HipHop,Energetic
S0016,U022,2025-04-26T09:12:02.000Z,122,Particular federal today,Michael Park,Rock,Happy
S0037,U056,2025-05-01T14:46:53.000Z,90,Pretty list political,Sharon Martinez,Jazz,Chill
S0003,U077,2025-05-04T23:02:38.000Z,251,New leave fact,Jay Nichols,Pop,Sad
S0015,U099,2025-05-01T04:54:12.000Z,250,Fund like likely above,Ashlee Cobb,Pop,Chill
S0010,U081,2025-04-30T00:40:01.000Z,245,Writer young,Jessica Chapman,Jazz,Chill
S0006,U032,2025-05-02T12:40:43.000Z,300,Experience rather,Michael Williams,Pop,Energetic
S0019,U034,2025-04-29T19:38:07.000Z,156,Huge power,Gary Patterson,Pop,Happy
S0020,U069,2025-04-23T12:48:56.000Z,47,Actually ok day,Ryan Burns,Rock,Sad
S0007,U072,2025-04-25T14:53:10.000Z,117,Manager song lose opportunity,Tracy Cunningham,Rock,Happy
S0013,U021,2025-04-23T19:36:03.000Z,89,Call everyone,Jason Strickland,Pop,Chill
S0022,U026,2025-04-30T11:41:50.000Z,193,Itself top economic,Debbie Liu,Pop,Sad
S0005,U021,2025-04-25T20:47:38.000Z,45,Degree,Christina Myers,HipHop,Sad
S0036,U028,2025-04-30T16:02:14.000Z,41,Administration the,Cody Zimmerman,Jazz,Energetic
S0050,U091,2025-04-28T23:16:55.000Z,161,How nature explain,Joshua Santos,HipHop,Happy
S0011,U063,2025-05-05T08:28:08.000Z,150,Attack,Oscar Perkins,Pop,Energetic
S0003,U065,2025-05-03T02:54:49.000Z,107,New leave fact,Jay Nichols,Pop,Sad
S0024,U032,2025-04-27T22:16:40.000Z,203,Situation next,Bruce Richardson,Jazz,Energetic
S0037,U080,2025-05-05T10:34:30.000Z,125,Pretty list political,Sharon Martinez,Jazz,Chill
S0003,U074,2025-04-25T01:50:51.000Z,170,New leave fact,Jay Nichols,Pop,Sad
S0029,U066,2025-04-29T15:45:14.000Z,94,Participant test bit return,Lisa Sweeney,Pop,Energetic
S0021,U059,2025-05-02T16:25:03.000Z,241,Wall small hot,Scott Young MD,Rock,Energetic
S0001,U020,2025-05-04T16:08:38.000Z,241,Lose clear,Richard Leon,HipHop,Chill
S0042,U052,2025-05-03T23:20:32.000Z,249,Tough people,Sherri Fleming,Classical,Chill
S0027,U043,2025-04-28T13:55:56.000Z,221,Still trip,Dylan Perry,HipHop,Chill
S0028,U041,2025-04-27T11:38:29.000Z,149,Production agree,Lindsey Ferguson,Jazz,Energetic
S0032,U035,2025-04-29T18:31:38.000Z,182,Save future,Susan Stone,Rock,Sad
S0005,U037,2025-04-28T17:26:05.000Z,48,Degree,Christina Myers,HipHop,Sad
S0042,U070,2025-04-24T04:30:02.000Z,234,Tough people,Sherri Fleming,Classical,Chill
S0014,U061,2025-04-27T10:36:17.000Z,267,Eye event pressure,Mr. Johnny Fuller,Rock,Happy
S0004,U020,2025-04-23T19:37:50.000Z,94,Imagine blue,Vickie Kelley,Jazz,Happy
S0046,U087,2025-04-23T23:47:22.000Z,115,Economic,Steven Peters,HipHop,Happy
S0022,U095,2025-04-25T20:43:19.000Z,59,Itself top economic,Debbie Liu,Pop,Sad
S0010,U044,2025-05-02T18:59:09.000Z,160,Writer young,Jessica Chapman,Jazz,Chill
S0041,U062,2025-04-27T08:58:53.000Z,179,Establish member,Sarah Griffin,Classical,Energetic
S0002,U053,2025-05-02T05:55:14.000Z,205,Son mind south difference,Eric Alvarez,Jazz,Energetic
S0042,U067,2025-05-02T07:51:25.000Z,275,Tough people,Sherri Fleming,Classical,Chill
S0030,U030,2025-04-23T04:07:22.000Z,74,Have education,Michele Walker,HipHop,Energetic
S0047,U083,2025-05-05T06:28:24.000Z,272,Wait mean,Ethan Reyes,Rock,Energetic
S0050,U061,2025-05-05T16:31:49.000Z,236,How nature explain,Joshua Santos,HipHop,Happy
S0038,U050,2025-05-02T07:38:06.000Z,266,Some goal,Nathan Pruitt,Pop,Energetic
S0037,U048,2025-04-23T15:10:13.000Z,102,Pretty list political,Sharon Martinez,Jazz,Chill
S0043,U041,2025-04-30T02:44:24.000Z,43,Long spend,Mary Sutton,Rock,Energetic
S0050,U050,2025-05-04T04:37:31.000Z,185,How nature explain,Joshua Santos,HipHop,Happy
S0017,U079,2025-04-26T10:36:15.000Z,44,Sell strategy physical,Christine Cross,HipHop,Chill
S0034,U092,2025-04-23T15:50:44.000Z,283,Behavior quickly,Teresa Ferrell,Jazz,Energetic
S0006,U097,2025-05-05T11:45:01.000Z,38,Experience rather,Michael Williams,Pop,Energetic
S0035,U092,2025-05-01T00:04:50.000Z,33,Try investment agreement,Glenn Williams,Jazz,Sad
S0001,U026,2025-04-28T16:45:39.000Z,170,Lose clear,Richard Leon,HipHop,Chill
S0024,U011,2025-04-30T09:31:38.000Z,224,Situation next,Bruce Richardson,Jazz,Energetic
S0016,U072,2025-04-23T22:35:04.000Z,140,Particular federal today,Michael Park,Rock,Happy
S0021,U066,2025-05-05T04:24:22.000Z,166,Wall small hot,Scott Young MD,Rock,Energetic
S0007,U016,2025-05-02T06:21:06.000Z,233,Manager song lose opportunity,Tracy Cunningham,Rock,Happy
S0046,U040,2025-04-23T07:37:57.000Z,89,Economic,Steven Peters,HipHop,Happy
S0003,U074,2025-04-27T20:17:06.000Z,132,New leave fact,Jay Nichols,Pop,Sad
S0019,U050,2025-04-29T23:44:34.000Z,257,Huge power,Gary Patterson,Pop,Happy
S0016,U059,2025-04-28T17:40:52.000Z,68,Particular federal today,Michael Park,Rock,Happy
S0031,U048,2025-04-23T05:41:29.000Z,280,Sign page,Angela Wright,HipHop,Chill
S0043,U078,2025-05-06T02:31:18.000Z,269,Long spend,Mary Sutton,Rock,Energetic
S0034,U025,2025-04-24T03:10:35.000Z,187,Behavior quickly,Teresa Ferrell,Jazz,Energetic
S0023,U034,2025-05-03T03:47:43.000Z,128,Support heart discover,Raymond Brown,HipHop,Energetic
S0030,U093,2025-05-01T15:26:15.000Z,279,Have education,Michele Walker,HipHop,Energetic
S0001,U023,2025-04-24T14:09:08.000Z,235,Lose clear,Richard Leon,HipHop,Chill
S0005,U016,2025-05-03T04:40:45.000Z,168,Degree,Christina Myers,HipHop,Sad
S0027,U098,2025-04-29T03:43:03.000Z,285,Still trip,Dylan Perry,HipHop,Chill
S0037,U025,2025-05-05T11:45:13.000Z,148,Pretty list political,Sharon Martinez,Jazz,Chill
S0016,U023,2025-05-04T01:01:08.000Z,209,Particular federal today,Michael Park,Rock,Happy
S0018,U038,2025-05-02T20:45:28.000Z,113,Quality future,Mercedes Cooper,Classical,Happy
S0025,U086,2025-04-30T04:06:13.000Z,217,Character traditional,Zachary Estrada,Jazz,Sad
S0032,U031,2025-04-25T12:30:14.000Z,104,Save future,Susan Stone,Rock,Sad
S0039,U029,2025-05-05T14:56:10.000Z,59,Could task,Samantha Cooper,HipHop,Sad
S0036,U093,2025-05-05T13:24:47.000Z,242,Administration the,Cody Zimmerman,Jazz,Energetic
S0041,U023,2025-04-24T19:56:34.000Z,183,Establish member,Sarah Griffin,Classical,Energetic
S0003,U068,2025-04-23T06:32:15.000Z,221,New leave fact,Jay Nichols,Pop,Sad
S0013,U057,2025-05-06T21:37:25.000Z,167,Call everyone,Jason Strickland,Pop,Chill
S0005,U005,2025-04-23T15:21:59.000Z,176,Degree,Christina Myers,HipHop,Sad
S0040,U078,2025-04-29T05:03:44.000Z,73,Interview whatever,Ashley Deleon,Jazz,Chill
S0048,U030,2025-04-26T02:36:25.000Z,202,Experience get never,Carlos Smith,Rock,Happy
S0003,U078,2025-05-02T11:55:56.000Z,281,New leave fact,Jay Nichols,Pop,Sad
S0017,U001,2025-04-26T22:22:34.000Z,125,Sell strategy physical,Christine Cross,HipHop,Chill
S0049,U040,2025-05-02T04:35:08.000Z,130,Deal part,Shane Montgomery,Jazz,Sad
S0024,U008,2025-04-29T16:22:57.000Z,244,Situation next,Bruce Richardson,Jazz,Energetic
S0033,U091,2025-04-26T11:14:35.000Z,266,Rock popular,Brittany Mason,Pop,Happy
S0045,U058,2025-05-05T23:23:55.000Z,133,When statement either,Shelley Silva,Rock,Energetic
S0013,U070,2025-04-27T03:47:05.000Z,102,Call everyone,Jason Strickland,Pop,Chill
S0029,U073,2025-04-24T16:34:00.000Z,221,Participant test bit return,Lisa Sweeney,Pop,Energetic
S0003,U026,2025-04-27T12:42:05.000Z,69,New leave fact,Jay Nichols,Pop,Sad
S0010,U028,2025-04-26T19:08:02.000Z,100,Writer young,Jessica Chapman,Jazz,Chill
S0010,U053,2025-05-05T16:19:26.000Z,161,Writer young,Jessica Chapman,Jazz,Chill
S0007,U018,2025-04-24T16:35:31.000Z,182,Manager song lose opportunity,Tracy Cunningham,Rock,Happy
S0015,U022,2025-05-01T20:57:15.000Z,204,Fund like likely above,Ashlee Cobb,Pop,Chill
S0039,U095,2025-04-23T05:29:36.000Z,205,Could task,Samantha Cooper,HipHop,Sad
S0003,U056,2025-05-05T15:38:19.000Z,61,New leave fact,Jay Nichols,Pop,Sad
S0041,U008,2025-04-28T07:26:19.000Z,115,Establish member,Sarah Griffin,Classical,Energetic
S0017,U048,2025-04-27T05:47:09.000Z,132,Sell strategy physical,Christine Cross,HipHop,Chill
S0010,U033,2025-04-23T03:26:11.000Z,73,Writer young,Jessica Chapman,Jazz,Chill
S0030,U051,2025-04-30T18:51:09.000Z,136,Have education,Michele Walker,HipHop,Energetic
S0045,U090,2025-05-06T06:03:28.000Z,178,When statement either,Shelley Silva,Rock,Energetic
S0040,U040,2025-05-03T04:23:30.000Z,197,Interview whatever,Ashley Deleon,Jazz,Chill
S0036,U085,2025-05-01T22:21:03.000Z,88,Administration the,Cody Zimmerman,Jazz,Energetic
S0017,U060,2025-04-27T14:24:34.000Z,127,Sell strategy physical,Christine Cross,HipHop,Chill
S0003,U037,2025-04-25T05:02:30.000Z,61,New leave fact,Jay Nichols,Pop,Sad
S0011,U016,2025-04-26T00:30:20.000Z,67,Attack,Oscar Perkins,Pop,Energetic
S0041,U099,2025-04-27T15:12:45.000Z,153,Establish member,Sarah Griffin,Classical,Energetic
S0005,U066,2025-04-30T05:27:31.000Z,180,Degree,Christina Myers,HipHop,Sad
S0039,U066,2025-04-26T21:16:46.000Z,251,Could task,Samantha Cooper,HipHop,Sad
S0009,U035,2025-05-01T00:40:00.000Z,95,Seven paper record,Jennifer Carpenter,Classical,Sad
S0020,U036,2025-04-27T18:03:17.000Z,95,Actually ok day,Ryan Burns,Rock,Sad
S0038,U089,2025-05-02T05:06:38.000Z,115,Some goal,Nathan Pruitt,Pop,Energetic
S0014,U006,2025-04-24T10:06:38.000Z,214,Eye event pressure,Mr. Johnny Fuller,Rock,Happy
S0030,U084,2025-04-28T02:51:09.000Z,203,Have education,Michele Walker,HipHop,Energetic
S0035,U029,2025-05-02T07:14:45.000Z,61,Try investment agreement,Glenn Williams,Jazz,Sad
S0009,U038,2025-04-30T18:47:36.000Z,167,Seven paper record,Jennifer Carpenter,Classical,Sad
S0042,U011,2025-05-03T13:53:32.000Z,193,Tough people,Sherri Fleming,Classical,Chill
S0017,U021,2025-04-26T01:52:21.000Z,207,Sell strategy physical,Christine Cross,HipHop,Chill
S0034,U063,2025-05-01T18:08:09.000Z,58,Behavior quickly,Teresa Ferrell,Jazz,Energetic
S0034,U012,2025-05-03T23:58:15.000Z,206,Behavior quickly,Teresa Ferrell,Jazz,Energetic
S0046,U045,2025-05-02T01:26:00.000Z,226,Economic,Steven Peters,HipHop,Happy
S0049,U082,2025-04-28T07:17:45.000Z,148,Deal part,Shane Montgomery,Jazz,Sad
S0044,U015,2025-04-27T16:08:12.000Z,288,They near project,Melinda Hall,HipHop,Sad
S0027,U072,2025-05-01T02:06:58.000Z,183,Still trip,Dylan Perry,HipHop,Chill
S0003,U035,2025-04-29T03:17:58.000Z,46,New leave fact,Jay Nichols,Pop,Sad
S0028,U008,2025-04-23T13:31:25.000Z,89,Production agree,Lindsey Ferguson,Jazz,Energetic
S0013,U006,2025-04-27T17:13:39.000Z,146,Call everyone,Jason Strickland,Pop,Chill
S0035,U058,2025-04-25T04:26:10.000Z,177,Try investment agreement,Glenn Williams,Jazz,Sad
S0024,U059,2025-04-27T16:39:45.000Z,168,Situation next,Bruce Richardson,Jazz,Energetic
S0001,U064,2025-04-24T09:46:40.000Z,155,Lose clear,Richard Leon,HipHop,Chill
S0017,U097,2025-04-24T05:45:30.000Z,34,Sell strategy physical,Christine Cross,HipHop,Chill
S0025,U006,2025-04-26T23:23:48.000Z,177,Character traditional,Zachary Estrada,Jazz,Sad
S0045,U022,2025-04-29T12:39:50.000Z,236,When statement either,Shelley Silva,Rock,Energetic
S0047,U017,2025-04-27T11:04:58.000Z,179,Wait mean,Ethan Reyes,Rock,Energetic
S0036,U032,2025-04-29T11:18:01.000Z,122,Administration the,Cody Zimmerman,Jazz,Energetic
S0034,U012,2025-04-25T01:37:06.000Z,30,Behavior quickly,Teresa Ferrell,Jazz,Energetic
S0045,U045,2025-05-01T06:45:25.000Z,90,When statement either,Shelley Silva,Rock,Energetic
S0033,U013,2025-05-05T01:57:44.000Z,146,Rock popular,Brittany Mason,Pop,Happy
S0036,U016,2025-05-04T04:03:11.000Z,276,Administration the,Cody Zimmerman,Jazz,Energetic
S0026,U035,2025-05-05T22:50:36.000Z,146,Also difficult,Derek Peters,HipHop,Sad
S0002,U027,2025-04-30T09:34:20.000Z,220,Son mind south difference,Eric Alvarez,Jazz,Energetic
S0022,U094,2025-05-02T14:00:58.000Z,254,Itself top economic,Debbie Liu,Pop,Sad
S0002,U017,2025-04-27T11:17:02.000Z,197,Son mind south difference,Eric Alvarez,Jazz,Energetic
S0046,U007,2025-04-25T06:58:29.000Z,197,Economic,Steven Peters,HipHop,Happy
S0003,U012,2025-05-03T02:17:51.000Z,247,New leave fact,Jay Nichols,Pop,Sad
S0023,U091,2025-05-03T08:13:03.000Z,233,Support heart discover,Raymond Brown,HipHop,Energetic
S0038,U051,2025-05-04T03:15:49.000Z,295,Some goal,Nathan Pruitt,Pop,Energetic
S0007,U014,2025-05-03T03:49:54.000Z,258,Manager song lose opportunity,Tracy Cunningham,Rock,Happy
S0024,U073,2025-04-24T10:20:42.000Z,94,Situation next,Bruce Richardson,Jazz,Energetic
S0028,U081,2025-05-05T11:31:29.000Z,179,Production agree,Lindsey Ferguson,Jazz,Energetic
S0002,U038,2025-04-29T21:10:39.000Z,211,Son mind south difference,Eric Alvarez,Jazz,Energetic
S0036,U051,2025-04-23T06:41:06.000Z,295,Administration the,Cody Zimmerman,Jazz,Energetic
S0026,U022,2025-04-23T09:10:12.000Z,73,Also difficult,Derek Peters,HipHop,Sad
S0013,U036,2025-04-23T09:47:28.000Z,71,Call everyone,Jason Strickland,Pop,Chill
S0009,U039,2025-04-24T13:21:25.000Z,171,Seven paper record,Jennifer Carpenter,Classical,Sad
S0001,U045,2025-05-05T00:56:32.000Z,206,Lose clear,Richard Leon,HipHop,Chill
S0028,U070,2025-04-29T18:42:18.000Z,300,Production agree,Lindsey Ferguson,Jazz,Energetic
S0024,U078,2025-04-26T22:00:03.000Z,121,Situation next,Bruce Richardson,Jazz,Energetic
S0005,U098,2025-05-06T04:31:55.000Z,158,Degree,Christina Myers,HipHop,Sad
S0033,U068,2025-05-02T11:11:10.000Z,181,Rock popular,Brittany Mason,Pop,Happy
S0021,U008,2025-05-05T23:45:37.000Z,90,Wall small hot,Scott Young MD,Rock,Energetic
S0047,U038,2025-04-30T11:42:03.000Z,180,Wait mean,Ethan Reyes,Rock,Energetic
S0049,U063,2025-04-23T12:42:03.000Z,199,Deal part,Shane Montgomery,Jazz,Sad
S0027,U092,2025-04-28T14:46:15.000Z,122,Still trip,Dylan Perry,HipHop,Chill
S0026,U060,2025-04-28T09:43:34.000Z,250,Also difficult,Derek Peters,HipHop,Sad
S0020,U098,2025-04-29T10:43:40.000Z,231,Actually ok day,Ryan Burns,Rock,Sad
S0046,U001,2025-05-01T19:49:52.000Z,298,Economic,Steven Peters,HipHop,Happy
S0003,U078,2025-05-05T08:16:22.000Z,50,New leave fact,Jay Nichols,Pop,Sad
S0024,U038,2025-04-29T18:01:49.000Z,56,Situation next,Bruce Richardson,Jazz,Energetic
S0018,U064,2025-04-25T07:58:45.000Z,250,Quality future,Mercedes Cooper,Classical,Happy
S0005,U013,2025-04-27T05:12:34.000Z,101,Degree,Christina Myers,HipHop,Sad
S0045,U011,2025-04-26T14:57:17.000Z,224,When statement either,Shelley Silva,Rock,Energetic
S0001,U074,2025-05-03T04:41:16.000Z,57,Lose clear,Richard Leon,HipHop,Chill
S0019,U009,2025-04-28T17:13:15.000Z,240,Huge power,Gary Patterson,Pop,Happy
S0003,U062,2025-04-26T08:14:28.000Z,99,New leave fact,Jay Nichols,Pop,Sad
S0047,U091,2025-04-29T18:01:57.000Z,77,Wait mean,Ethan Reyes,Rock,Energetic
S0014,U093,2025-04-23T12:25:34.000Z,291,Eye event pressure,Mr. Johnny Fuller,Rock,Happy
S0039,U049,2025-05-04T18:04:14.000Z,124,Could task,Samantha Cooper,HipHop,Sad
S0019,U075,2025-05-04T09:09:33.000Z,233,Huge power,Gary Patterson,Pop,Happy
S0040,U026,2025-05-01T13:28:29.000Z,238,Interview whatever,Ashley Deleon,Jazz,Chill
S0024,U036,2025-05-05T06:37:56.000Z,89,Situation next,Bruce Richardson,Jazz,Energetic
S0026,U046,2025-04-30T15:58:36.000Z,167,Also difficult,Derek Peters,HipHop,Sad
S0019,U037,2025-04-23T17:21:53.000Z,173,Huge power,Gary Patterson,Pop,Happy
S0015,U003,2025-05-02T04:43:41.000Z,207,Fund like likely above,Ashlee Cobb,Pop,Chill
S0006,U018,2025-04-25T03:59:29.000Z,130,Experience rather,Michael Williams,Pop,Energetic
S0034,U053,2025-04-30T03:56:08.000Z,98,Behavior quickly,Teresa Ferrell,Jazz,Energetic
S0041,U075,2025-04-27T01:41:39.000Z,174,Establish member,Sarah Griffin,Classical,Energetic
S0031,U023,2025-04-23T01:27:05.000Z,191,Sign page,Angela Wright,HipHop,Chill
S0010,U090,2025-04-24T01:05:43.000Z,241,Writer young,Jessica Chapman,Jazz,Chill
S0013,U016,2025-04-28T08:18:25.000Z,44,Call everyone,Jason Strickland,Pop,Chill
S0028,U070,2025-05-06T15:11:04.000Z,260,Production agree,Lindsey Ferguson,Jazz,Energetic
S0004,U038,2025-04-27T14:50:34.000Z,126,Imagine blue,Vickie Kelley,Jazz,Happy
S0011,U028,2025-04-30T21:45:37.000Z,243,Attack,Oscar Perkins,Pop,Energetic
S0023,U071,2025-05-03T22:42:57.000Z,120,Support heart discover,Raymond Brown,HipHop,Energetic
S0003,U050,2025-05-04T17:29:23.000Z,170,New leave fact,Jay Nichols,Pop,Sad
S0010,U092,2025-05-06T20:57:35.000Z,277,Writer young,Jessica Chapman,Jazz,Chill
S0043,U010,2025-04-28T10:55:06.000Z,159,Long spend,Mary Sutton,Rock,Energetic
S0044,U037,2025-04-24T13:57:44.000Z,93,They near project,Melinda Hall,HipHop,Sad
S0022,U030,2025-04-30T07:46:58.000Z,150,Itself top economic,Debbie Liu,Pop,Sad
S0041,U036,2025-04-25T01:45:02.000Z,282,Establish member,Sarah Griffin,Classical,Energetic
S0036,U024,2025-04-29T04:50:33.000Z,162,Administration the,Cody Zimmerman,Jazz,Energetic
S0028,U022,2025-05-05T05:34:01.000Z,80,Production agree,Lindsey Ferguson,Jazz,Energetic
S0023,U070,2025-05-01T16:52:04.000Z,133,Support heart discover,Raymond Brown,HipHop,Energetic
S0030,U061,2025-04-30T10:47:01.000Z,148,Have education,Michele Walker,HipHop,Energetic
S0041,U062,2025-04-25T12:51:03.000Z,153,Establish member,Sarah Griffin,Classical,Energetic
S0042,U045,2025-04-26T16:19:34.000Z,92,Tough people,Sherri Fleming,Classical,Chill
S0041,U050,2025-04-28T07:19:09.000Z,204,Establish member,Sarah Griffin,Classical,Energetic
S0004,U042,2025-04-23T01:25:34.000Z,212,Imagine blue,Vickie Kelley,Jazz,Happy
S0042,U087,2025-04-26T12:57:24.000Z,168,Tough people,Sherri Fleming,Classical,Chill
S0014,U071,2025-04-26T11:46:47.000Z,44,Eye event pressure,Mr. Johnny Fuller,Rock,Happy
S0015,U017,2025-04-27T19:55:15.000Z,172,Fund like likely above,Ashlee Cobb,Pop,Chill
S0037,U047,2025-04-30T15:49:57.000Z,252,Pretty list political,Sharon Martinez,Jazz,Chill
S0019,U007,2025-04-24T01:10:20.000Z,166,Huge power,Gary Patterson,Pop,Happy
S0031,U038,2025-05-01T12:40:13.000Z,99,Sign page,Angela Wright,HipHop,Chill
S0037,U098,2025-04-28T09:49:03.000Z,30,Pretty list political,Sharon Martinez,Jazz,Chill
S0010,U039,2025-05-05T07:50:38.000Z,42,Writer young,Jessica Chapman,Jazz,Chill
S0030,U100,2025-04-28T06:33:41.000Z,128,Have education,Michele Walker,HipHop,Energetic
S0005,U024,2025-04-24T06:27:29.000Z,233,Degree,Christina Myers,HipHop,Sad
S0015,U099,2025-05-04T06:28:11.000Z,215,Fund like likely above,Ashlee Cobb,Pop,Chill
S0005,U023,2025-04-30T12:48:01.000Z,62,Degree,Christina Myers,HipHop,Sad
S0004,U036,2025-04-26T19:54:28.000Z,166,Imagine blue,Vickie Kelley,Jazz,Happy
S0028,U079,2025-04-26T00:17:34.000Z,137,Production agree,Lindsey Ferguson,Jazz,Energetic
S0037,U031,2025-04-28T11:23:28.000Z,254,Pretty list political,Sharon Martinez,Jazz,Chill
S0036,U004,2025-04-26T00:04:04.000Z,266,Administration the,Cody Zimmerman,Jazz,Energetic
S0016,U018,2025-04-30T02:59:42.000Z,152,Particular federal today,Michael Park,Rock,Happy
S0011,U004,2025-04-24T06:34:07.000Z,178,Attack,Oscar Perkins,Pop,Energetic
S0042,U021,2025-05-01T06:47:14.000Z,261,Tough people,Sherri Fleming,Classical,Chill
S0038,U014,2025-04-27T17:05:26.000Z,69,Some goal,Nathan Pruitt,Pop,Energetic
S0032,U058,2025-04-28T07:01:22.000Z,291,Save future,Susan Stone,Rock,Sad
S0030,U081,2025-05-02T16:50:41.000Z,109,Have education,Michele Walker,HipHop,Energetic
S0032,U094,2025-04-28T13:57:41.000Z,292,Save future,Susan Stone,Rock,Sad
S0027,U075,2025-04-30T19:08:12.000Z,253,Still trip,Dylan Perry,HipHop,Chill
S0039,U094,2025-04-26T07:44:51.000Z,285,Could task,Samantha Cooper,HipHop,Sad
S0036,U002,2025-05-06T21:50:13.000Z,100,Administration the,Cody Zimmerman,Jazz,Energetic
S0030,U034,2025-04-28T15:52:13.000Z,214,Have education,Michele Walker,HipHop,Energetic
S0027,U008,2025-04-24T23:16:41.000Z,236,Still trip,Dylan Perry,HipHop,Chill
S0033,U015,2025-05-06T14:37:01.000Z,241,Rock popular,Brittany Mason,Pop,Happy
S0050,U036,2025-05-06T15:16:45.000Z,115,How nature explain,Joshua Santos,HipHop,Happy
S0022,U069,2025-04-28T05:02:31.000Z,267,Itself top economic,Debbie Liu,Pop,Sad
S0023,U079,2025-04-25T02:20:49.000Z,253,Support heart discover,Raymond Brown,HipHop,Energetic
S0023,U093,2025-04-28T23:42:47.000Z,281,Support heart discover,Raymond Brown,HipHop,Energetic
S0022,U064,2025-05-03T15:34:52.000Z,120,Itself top economic,Debbie Liu,Pop,Sad
S0010,U017,2025-04-30T06:49:07.000Z,291,Writer young,Jessica Chapman,Jazz,Chill
S0001,U084,2025-05-02T17:45:07.000Z,136,Lose clear,Richard Leon,HipHop,Chill
S0026,U034,2025-04-23T22:42:03.000Z,54,Also difficult,Derek Peters,HipHop,Sad
S0047,U072,2025-05-04T16:50:23.000Z,131,Wait mean,Ethan Reyes,Rock,Energetic
S0050,U051,2025-04-23T20:27:00.000Z,216,How nature explain,Joshua Santos,HipHop,Happy
S0023,U058,2025-04-30T13:09:07.000Z,75,Support heart discover,Raymond Brown,HipHop,Energetic
S0001,U093,2025-04-29T00:56:43.000Z,71,Lose clear,Richard Leon,HipHop,Chill
S0007,U086,2025-05-06T13:42:27.000Z,204,Manager song lose opportunity,Tracy Cunningham,Rock,Happy
S0026,U090,2025-04-27T03:01:01.000Z,115,Also difficult,Derek Peters,HipHop,Sad
S0033,U057,2025-05-02T09:28:01.000Z,163,Rock popular,Brittany Mason,Pop,Happy
S0020,U042,2025-05-03T12:50:24.000Z,124,Actually ok day,Ryan Burns,Rock,Sad
S0045,U003,2025-04-30T20:18:49.000Z,94,When statement either,Shelley Silva,Rock,Energetic
S0029,U100,2025-04-25T01:53:10.000Z,189,Participant test bit return,Lisa Sweeney,Pop,Energetic
S0006,U088,2025-04-28T20:15:20.000Z,67,Experience rather,Michael Williams,Pop,Energetic
S0019,U050,2025-05-02T15:21:01.000Z,223,Huge power,Gary Patterson,Pop,Happy
S0025,U065,2025-05-03T20:12:18.000Z,257,Character traditional,Zachary Estrada,Jazz,Sad
S0005,U018,2025-05-06T10:49:32.000Z,81,Degree,Christina Myers,HipHop,Sad
S0043,U033,2025-05-05T13:53:03.000Z,84,Long spend,Mary Sutton,Rock,Energetic
S0010,U073,2025-05-02T06:29:20.000Z,250,Writer young,Jessica Chapman,Jazz,Chill
S0008,U069,2025-05-03T21:22:50.000Z,270,Discuss yourself window,Kathleen Bailey,Rock,Energetic
S0009,U024,2025-04-27T21:19:05.000Z,153,Seven paper record,Jennifer Carpenter,Classical,Sad
S0041,U057,2025-04-26T23:14:18.000Z,184,Establish member,Sarah Griffin,Classical,Energetic
S0021,U099,2025-05-02T23:37:34.000Z,147,Wall small hot,Scott Young MD,Rock,Energetic
S0014,U068,2025-05-05T03:48:36.000Z,220,Eye event pressure,Mr. Johnny Fuller,Rock,Happy
S0039,U064,2025-04-26T12:47:17.000Z,89,Could task,Samantha Cooper,HipHop,Sad
S0033,U095,2025-04-24T13:43:44.000Z,128,Rock popular,Brittany Mason,Pop,Happy
S0014,U039,2025-05-05T13:54:46.000Z,282,Eye event pressure,Mr. Johnny Fuller,Rock,Happy
S0028,U072,2025-04-28T03:26:56.000Z,104,Production agree,Lindsey Ferguson,Jazz,Energetic
S0036,U099,2025-04-26T13:08:21.000Z,36,Administration the,Cody Zimmerman,Jazz,Energetic
S0033,U075,2025-05-06T05:51:41.000Z,44,Rock popular,Brittany Mason,Pop,Happy
S0011,U032,2025-05-02T15:11:56.000Z,174,Attack,Oscar Perkins,Pop,Energetic
S0032,U016,2025-04-27T00:21:03.000Z,259,Save future,Susan Stone,Rock,Sad
S0004,U016,2025-04-24T15:06:20.000Z,262,Imagine blue,Vickie Kelley,Jazz,Happy
S0006,U050,2025-04-28T04:54:43.000Z,46,Experience rather,Michael Williams,Pop,Energetic
S0016,U097,2025-04-24T19:50:32.000Z,252,Particular federal today,Michael Park,Rock,Happy
S0030,U077,2025-04-27T21:10:54.000Z,298,Have education,Michele Walker,HipHop,Energetic
S0040,U045,2025-05-03T06:43:51.000Z,222,Interview whatever,Ashley Deleon,Jazz,Chill
S0023,U029,2025-05-04T10:12:52.000Z,89,Support heart discover,Raymond Brown,HipHop,Energetic
S0037,U022,2025-05-02T07:52:21.000Z,218,Pretty list political,Sharon Martinez,Jazz,Chill
S0005,U059,2025-05-01T19:24:16.000Z,30,Degree,Christina Myers,HipHop,Sad
S0007,U031,2025-05-06T23:12:30.000Z,213,Manager song lose opportunity,Tracy Cunningham,Rock,Happy
S0004,U030,2025-04-23T07:20:20.000Z,222,Imagine blue,Vickie Kelley,Jazz,Happy
S0039,U011,2025-05-05T11:23:18.000Z,244,Could task,Samantha Cooper,HipHop,Sad
S0001,U003,2025-05-06T14:03:21.000Z,72,Lose clear,Richard Leon,HipHop,Chill
S0004,U035,2025-04-28T01:31:30.000Z,237,Imagine blue,Vickie Kelley,Jazz,Happy
S0008,U092,2025-04-24T01:59:52.000Z,88,Discuss yourself window,Kathleen Bailey,Rock,Energetic
S0034,U087,2025-04-25T23:54:13.000Z,125,Behavior quickly,Teresa Ferrell,Jazz,Energetic
S0043,U051,2025-05-03T13:15:22.000Z,99,Long spend,Mary Sutton,Rock,Energetic
S0022,U001,2025-04-29T08:06:21.000Z,133,Itself top economic,Debbie Liu,Pop,Sad
S0023,U086,2025-04-26T08:58:35.000Z,47,Support heart discover,Raymond Brown,HipHop,Energetic
S0045,U098,2025-04-28T20:49:49.000Z,69,When statement either,Shelley Silva,Rock,Energetic
S0047,U051,2025-04-27T19:55:16.000Z,254,Wait mean,Ethan Reyes,Rock,Energetic
S0008,U056,2025-05-01T09:39:53.000Z,81,Discuss yourself window,Kathleen Bailey,Rock,Energetic
S0025,U015,2025-05-03T00:42:12.000Z,64,Character traditional,Zachary Estrada,Jazz,Sad
S0014,U015,2025-05-02T02:14:00.000Z,149,Eye event pressure,Mr. Johnny Fuller,Rock,Happy
S0043,U081,2025-04-24T20:31:14.000Z,241,Long spend,Mary Sutton,Rock,Energetic
S0050,U035,2025-04-24T20:18:40.000Z,196,How nature explain,Joshua Santos,HipHop,Happy
S0001,U067,2025-04-25T09:44:09.000Z,99,Lose clear,Richard Leon,HipHop,Chill
S0023,U031,2025-04-30T05:22:32.000Z,120,Support heart discover,Raymond Brown,HipHop,Energetic
S0042,U053,2025-05-05T09:21:44.000Z,226,Tough people,Sherri Fleming,Classical,Chill
S0012,U027,2025-04-25T18:17:34.000Z,43,Remain would,Mary Cook,Classical,Chill
S0044,U018,2025-05-01T15:20:32.000Z,114,They near project,Melinda Hall,HipHop,Sad
S0020,U061,2025-04-23T11:39:50.000Z,127,Actually ok day,Ryan Burns,Rock,Sad
S0032,U096,2025-04-23T03:15:13.000Z,79,Save future,Susan Stone,Rock,Sad
S0043,U041,2025-04-26T06:56:44.000Z,221,Long spend,Mary Sutton,Rock,Energetic
S0027,U069,2025-04-25T02:59:47.000Z,100,Still trip,Dylan Perry,HipHop,Chill
S0045,U053,2025-05-05T17:45:17.000Z,227,When statement either,Shelley Silva,Rock,Energetic
S0017,U043,2025-05-03T22:22:17.000Z,136,Sell strategy physical,Christine Cross,HipHop,Chill
S0039,U006,2025-05-06T01:59:16.000Z,35,Could task,Samantha Cooper,HipHop,Sad
S0039,U003,2025-05-01T11:46:00.000Z,98,Could task,Samantha Cooper,HipHop,Sad
S0036,U030,2025-05-05T17:11:10.000Z,85,Administration the,Cody Zimmerman,Jazz,Energetic
S0027,U097,2025-05-03T23:50:57.000Z,129,Still trip,Dylan Perry,HipHop,Chill
S0015,U098,2025-04-26T15:29:37.000Z,171,Fund like likely above,Ashlee Cobb,Pop,Chill
S0049,U018,2025-04-30T02:35:47.000Z,283,Deal part,Shane Montgomery,Jazz,Sad
S0048,U048,2025-04-26T09:54:47.000Z,257,Experience get never,Carlos Smith,Rock,Happy
S0045,U057,2025-04-30T00:16:05.000Z,67,When statement either,Shelley Silva,Rock,Energetic
S0036,U099,2025-04-25T08:31:57.000Z,270,Administration the,Cody Zimmerman,Jazz,Energetic
S0034,U086,2025-04-24T21:45:00.000Z,274,Behavior quickly,Teresa Ferrell,Jazz,Energetic
S0009,U045,2025-04-28T00:02:19.000Z,199,Seven paper record,Jennifer Carpenter,Classical,Sad
S0014,U066,2025-04-24T07:57:58.000Z,293,Eye event pressure,Mr. Johnny Fuller,Rock,Happy
S0036,U041,2025-04-30T02:04:59.000Z,258,Administration the,Cody Zimmerman,Jazz,Energetic
S0009,U083,2025-04-26T23:41:37.000Z,43,Seven paper record,Jennifer Carpenter,Classical,Sad
S0021,U054,2025-05-06T17:29:21.000Z,82,Wall small hot,Scott Young MD,Rock,Energetic
S0003,U009,2025-04-27T09:28:49.000Z,90,New leave fact,Jay Nichols,Pop,Sad
S0032,U016,2025-04-28T16:30:53.000Z,276,Save future,Susan Stone,Rock,Sad
S0028,U015,2025-04-26T01:17:43.000Z,237,Production agree,Lindsey Ferguson,Jazz,Energetic
S0017,U045,2025-04-27T00:14:26.000Z,154,Sell strategy physical,Christine Cross,HipHop,Chill
S0022,U094,2025-04-27T04:42:41.000Z,214,Itself top economic,Debbie Liu,Pop,Sad
S0012,U047,2025-04-30T20:56:51.000Z,180,Remain would,Mary Cook,Classical,Chill
S0013,U029,2025-05-03T07:57:50.000Z,217,Call everyone,Jason Strickland,Pop,Chill
S0033,U098,2025-04-25T20:17:09.000Z,143,Rock popular,Brittany Mason,Pop,Happy
S0045,U060,2025-04-23T11:39:30.000Z,39,When statement either,Shelley Silva,Rock,Energetic
S0024,U010,2025-04-29T19:51:58.000Z,120,Situation next,Bruce Richardson,Jazz,Energetic
S0020,U005,2025-04-30T16:18:44.000Z,100,Actually ok day,Ryan Burns,Rock,Sad
S0047,U015,2025-04-28T05:36:25.000Z,160,Wait mean,Ethan Reyes,Rock,Energetic
S0009,U033,2025-05-01T18:48:04.000Z,243,Seven paper record,Jennifer Carpenter,Classical,Sad
S0015,U057,2025-04-29T01:28:42.000Z,107,Fund like likely above,Ashlee Cobb,Pop,Chill
S0006,U054,2025-05-03T09:05:14.000Z,223,Experience rather,Michael Williams,Pop,Energetic
S0026,U003,2025-04-23T07:07:28.000Z,113,Also difficult,Derek Peters,HipHop,Sad
S0041,U080,2025-04-29T14:52:11.000Z,201,Establish member,Sarah Griffin,Classical,Energetic
S0026,U097,2025-05-02T04:57:02.000Z,231,Also difficult,Derek Peters,HipHop,Sad
S0048,U009,2025-04-29T06:58:10.000Z,78,Experience get never,Carlos Smith,Rock,Happy
S0030,U083,2025-04-28T16:59:47.000Z,170,Have education,Michele Walker,HipHop,Energetic
S0006,U053,2025-04-30T15:15:16.000Z,135,Experience rather,Michael Williams,Pop,Energetic
S0020,U090,2025-05-06T14:58:05.000Z,263,Actually ok day,Ryan Burns,Rock,Sad
S0004,U046,2025-04-29T16:49:59.000Z,75,Imagine blue,Vickie Kelley,Jazz,Happy
S0016,U026,2025-04-26T15:42:34.000Z,179,Particular federal today,Michael Park,Rock,Happy
S0048,U030,2025-05-01T18:33:38.000Z,272,Experience get never,Carlos Smith,Rock,Happy
S0005,U010,2025-04-23T09:59:34.000Z,199,Degree,Christina Myers,HipHop,Sad
S0032,U071,2025-05-04T02:53:59.000Z,242,Save future,Susan Stone,Rock,Sad
S0020,U010,2025-05-04T11:25:09.000Z,188,Actually ok day,Ryan Burns,Rock,Sad
S0050,U029,2025-04-23T11:35:48.000Z,118,How nature explain,Joshua Santos,HipHop,Happy
S0024,U028,2025-05-04T08:13:01.000Z,200,Situation next,Bruce Richardson,Jazz,Energetic
S0023,U052,2025-04-28T03:44:24.000Z,196,Support heart discover,Raymond Brown,HipHop,Energetic
S0024,U060,2025-04-30T11:17:34.000Z,266,Situation next,Bruce Richardson,Jazz,Energetic
S0014,U087,2025-05-06T01:04:04.000Z,216,Eye event pressure,Mr. Johnny Fuller,Rock,Happy
S0027,U067,2025-04-29T15:08:37.000Z,73,Still trip,Dylan Perry,HipHop,Chill
S0014,U018,2025-04-26T19:32:40.000Z,86,Eye event pressure,Mr. Johnny Fuller,Rock,Happy
S0008,U031,2025-05-01T03:10:52.000Z,134,Discuss yourself window,Kathleen Bailey,Rock,Energetic
S0002,U022,2025-04-24T02:01:30.000Z,129,Son mind south difference,Eric Alvarez,Jazz,Energetic
S0030,U003,2025-05-06T22:24:28.000Z,130,Have education,Michele Walker,HipHop,Energetic
S0024,U086,2025-05-03T04:06:44.000Z,145,Situation next,Bruce Richardson,Jazz,Energetic
S0033,U044,2025-04-30T19:47:11.000Z,42,Rock popular,Brittany Mason,Pop,Happy
S0033,U015,2025-04-25T04:10:29.000Z,160,Rock popular,Brittany Mason,Pop,Happy
S0041,U031,2025-05-03T08:50:44.000Z,112,Establish member,Sarah Griffin,Classical,Energetic
S0012,U058,2025-04-27T08:13:40.000Z,104,Remain would,Mary Cook,Classical,Chill
S0013,U013,2025-04-27T11:47:17.000Z,262,Call everyone,Jason Strickland,Pop,Chill
S0003,U046,2025-04-29T22:45:48.000Z,296,New leave fact,Jay Nichols,Pop,Sad
S0009,U059,2025-04-28T22:58:38.000Z,280,Seven paper record,Jennifer Carpenter,Classical,Sad
S0050,U048,2025-04-29T03:32:03.000Z,181,How nature explain,Joshua Santos,HipHop,Happy
S0011,U080,2025-05-02T00:37:33.000Z,224,Attack,Oscar Perkins,Pop,Energetic
S0043,U053,2025-04-26T21:00:25.000Z,100,Long spend,Mary Sutton,Rock,Energetic
S0024,U098,2025-05-03T17:52:11.000Z,166,Situation next,Bruce Richardson,Jazz,Energetic
S0007,U050,2025-04-23T07:24:19.000Z,286,Manager song lose opportunity,Tracy Cunningham,Rock,Happy
S0006,U059,2025-04-24T04:45:04.000Z,116,Experience rather,Michael Williams,Pop,Energetic
S0009,U048,2025-04-28T16:28:07.000Z,152,Seven paper record,Jennifer Carpenter,Classical,Sad
S0039,U063,2025-05-04T21:59:14.000Z,83,Could task,Samantha Cooper,HipHop,Sad
S0025,U077,2025-05-02T20:00:14.000Z,52,Character traditional,Zachary Estrada,Jazz,Sad
S0046,U034,2025-04-27T06:32:08.000Z,290,Economic,Steven Peters,HipHop,Happy
S0019,U002,2025-05-04T20:55:11.000Z,89,Huge power,Gary Patterson,Pop,Happy
S0019,U080,2025-04-30T12:35:18.000Z,82,Huge power,Gary Patterson,Pop,Happy
S0014,U004,2025-05-04T13:30:40.000Z,262,Eye event pressure,Mr. Johnny Fuller,Rock,Happy
S0047,U092,2025-04-29T23:07:15.000Z,145,Wait mean,Ethan Reyes,Rock,Energetic
S0033,U072,2025-04-23T12:23:27.000Z,243,Rock popular,Brittany Mason,Pop,Happy
S0028,U065,2025-04-28T07:51:55.000Z,69,Production agree,Lindsey Ferguson,Jazz,Energetic
S0044,U061,2025-04-24T22:21:35.000Z,258,They near project,Melinda Hall,HipHop,Sad
S0008,U011,2025-04-24T08:17:01.000Z,124,Discuss yourself window,Kathleen Bailey,Rock,Energetic
S0007,U098,2025-05-06T16:45:09.000Z,165,Manager song lose opportunity,Tracy Cunningham,Rock,Happy
S0044,U018,2025-04-26T23:50:49.000Z,102,They near project,Melinda Hall,HipHop,Sad
S0002,U080,2025-05-02T12:32:38.000Z,185,Son mind south difference,Eric Alvarez,Jazz,Energetic
S0020,U091,2025-05-05T02:25:28.000Z,148,Actually ok day,Ryan Burns,Rock,Sad
S0042,U072,2025-04-23T09:02:02.000Z,119,Tough people,Sherri Fleming,Classical,Chill
S0046,U040,2025-05-01T22:13:44.000Z,35,Economic,Steven Peters,HipHop,Happy
S0047,U100,2025-04-25T01:14:34.000Z,240,Wait mean,Ethan Reyes,Rock,Energetic
S0041,U028,2025-05-05T00:55:40.000Z,91,Establish member,Sarah Griffin,Classical,Energetic
S0028,U089,2025-04-23T21:41:28.000Z,282,Production agree,Lindsey Ferguson,Jazz,Energetic
S0019,U057,2025-05-06T19:49:10.000Z,59,Huge power,Gary Patterson,Pop,Happy
S0013,U079,2025-04-23T21:21:56.000Z,38,Call everyone,Jason Strickland,Pop,Chill
S0041,U069,2025-04-25T22:08:07.000Z,220,Establish member,Sarah Griffin,Classical,Energetic
S0027,U096,2025-04-29T18:07:12.000Z,68,Still trip,Dylan Perry,HipHop,Chill
S0021,U004,2025-04-26T23:02:49.000Z,262,Wall small hot,Scott Young MD,Rock,Energetic
S0002,U068,2025-05-06T21:37:12.000Z,262,Son mind south difference,Eric Alvarez,Jazz,Energetic
S0024,U037,2025-05-04T15:42:44.000Z,298,Situation next,Bruce Richardson,Jazz,Energetic
S0026,U058,2025-04-26T10:20:02.000Z,112,Also difficult,Derek Peters,HipHop,Sad
S0015,U027,2025-04-30T13:46:33.000Z,151,Fund like likely above,Ashlee Cobb,Pop,Chill
S0037,U029,2025-05-06T14:10:05.000Z,260,Pretty list political,Sharon Martinez,Jazz,Chill
S0030,U030,2025-05-05T17:43:01.000Z,191,Have education,Michele Walker,HipHop,Energetic
S0004,U063,2025-05-01T06:23:33.000Z,83,Imagine blue,Vickie Kelley,Jazz,Happy
S0040,U092,2025-05-04T15:48:54.000Z,253,Interview whatever,Ashley Deleon,Jazz,Chill
S0018,U024,2025-04-30T16:47:54.000Z,145,Quality future,Mercedes Cooper,Classical,Happy
S0004,U073,2025-04-29T13:00:56.000Z,168,Imagine blue,Vickie Kelley,Jazz,Happy
S0025,U002,2025-04-30T20:01:04.000Z,269,Character traditional,Zachary Estrada,Jazz,Sad
S0041,U085,2025-05-02T01:29:03.000Z,164,Establish member,Sarah Griffin,Classical,Energetic
S0036,U063,2025-04-29T03:55:23.000Z,97,Administration the,Cody Zimmerman,Jazz,Energetic
S0019,U046,2025-04-28T12:45:09.000Z,105,Huge power,Gary Patterson,Pop,Happy
S0006,U032,2025-05-02T06:18:37.000Z,234,Experience rather,Michael Williams,Pop,Energetic
S0022,U077,2025-04-30T08:49:34.000Z,178,Itself top economic,Debbie Liu,Pop,Sad
S0005,U004,2025-05-02T07:01:13.000Z,288,Degree,Christina Myers,HipHop,Sad
S0044,U073,2025-04-24T02:22:28.000Z,85,They near project,Melinda Hall,HipHop,Sad
S0027,U075,2025-04-27T16:54:48.000Z,49,Still trip,Dylan Perry,HipHop,Chill
S0048,U093,2025-04-25T14:39:39.000Z,122,Experience get never,Carlos Smith,Rock,Happy
S0003,U048,2025-05-05T15:26:24.000Z,57,New leave fact,Jay Nichols,Pop,Sad
S0026,U095,2025-05-04T12:48:59.000Z,279,Also difficult,Derek Peters,HipHop,Sad
S0049,U095,2025-05-04T00:01:23.000Z,194,Deal part,Shane Montgomery,Jazz,Sad
S0020,U084,2025-04-26T23:49:33.000Z,62,Actually ok day,Ryan Burns,Rock,Sad
S0023,U087,2025-04-27T21:17:00.000Z,273,Support heart discover,Raymond Brown,HipHop,Energetic
S0031,U054,2025-04-28T14:25:43.000Z,46,Sign page,Angela Wright,HipHop,Chill
S0030,U079,2025-04-29T00:07:08.000Z,90,Have education,Michele Walker,HipHop,Energetic
S0050,U017,2025-05-01T16:20:07.000Z,254,How nature explain,Joshua Santos,HipHop,Happy
S0019,U024,2025-04-30T08:33:14.000Z,149,Huge power,Gary Patterson,Pop,Happy
S0018,U061,2025-05-03T14:33:43.000Z,147,Quality future,Mercedes Cooper,Classical,Happy
S0011,U066,2025-04-27T16:34:47.000Z,278,Attack,Oscar Perkins,Pop,Energetic
S0017,U043,2025-05-04T14:09:48.000Z,103,Sell strategy physical,Christine Cross,HipHop,Chill
S0010,U091,2025-04-29T07:54:54.000Z,216,Writer young,Jessica Chapman,Jazz,Chill
S0008,U014,2025-04-23T02:44:33.000Z,121,Discuss yourself window,Kathleen Bailey,Rock,Energetic
S0037,U084,2025-04-26T20:07:55.000Z,264,Pretty list political,Sharon Martinez,Jazz,Chill
S0050,U069,2025-04-30T02:12:10.000Z,249,How nature explain,Joshua Santos,HipHop,Happy
S0048,U016,2025-05-01T10:31:38.000Z,152,Experience get never,Carlos Smith,Rock,Happy
S0039,U028,2025-05-02T14:27:56.000Z,223,Could task,Samantha Cooper,HipHop,Sad
S0008,U021,2025-04-28T17:56:27.000Z,289,Discuss yourself window,Kathleen Bailey,Rock,Energetic
S0013,U070,2025-04-25T20:19:48.000Z,180,Call everyone,Jason Strickland,Pop,Chill
S0013,U089,2025-04-27T07:08:27.000Z,238,Call everyone,Jason Strickland,Pop,Chill
S0013,U072,2025-04-25T00:52:54.000Z,275,Call everyone,Jason Strickland,Pop,Chill
S0048,U002,2025-05-02T23:39:13.000Z,167,Experience get never,Carlos Smith,Rock,Happy
S0037,U038,2025-05-03T03:03:25.000Z,287,Pretty list political,Sharon Martinez,Jazz,Chill
S0021,U060,2025-05-01T03:39:27.000Z,232,Wall small hot,Scott Young MD,Rock,Energetic
S0035,U075,2025-04-29T04:50:35.000Z,296,Try investment agreement,Glenn Williams,Jazz,Sad
S0032,U047,2025-05-02T17:52:49.000Z,64,Save future,Susan Stone,Rock,Sad
S0043,U092,2025-04-24T06:22:21.000Z,67,Long spend,Mary Sutton,Rock,Energetic
S0020,U024,2025-04-26T18:02:19.000Z,39,Actually ok day,Ryan Burns,Rock,Sad
S0033,U007,2025-04-30T13:10:43.000Z,233,Rock popular,Brittany Mason,Pop,Happy
S0050,U049,2025-05-06T17:21:24.000Z,263,How nature explain,Joshua Santos,HipHop,Happy
S0040,U017,2025-05-06T22:49:28.000Z,81,Interview whatever,Ashley Deleon,Jazz,Chill
S0045,U002,2025-04-24T14:11:55.000Z,90,When statement either,Shelley Silva,Rock,Energetic
S0038,U087,2025-04-26T10:29:51.000Z,134,Some goal,Nathan Pruitt,Pop,Energetic
S0027,U039,2025-04-27T13:47:01.000Z,201,Still trip,Dylan Perry,HipHop,Chill
S0001,U063,2025-05-03T00:51:22.000Z,89,Lose clear,Richard Leon,HipHop,Chill
S0001,U034,2025-04-30T10:58:11.000Z,283,Lose clear,Richard Leon,HipHop,Chill
S0050,U054,2025-04-30T18:15:32.000Z,65,How nature explain,Joshua Santos,HipHop,Happy
S0012,U084,2025-04-30T10:55:14.000Z,104,Remain would,Mary Cook,Classical,Chill
S0008,U031,2025-05-05T03:29:05.000Z,176,Discuss yourself window,Kathleen Bailey,Rock,Energetic
S0040,U032,2025-05-05T16:47:18.000Z,218,Interview whatever,Ashley Deleon,Jazz,Chill
S0046,U045,2025-04-25T23:17:02.000Z,249,Economic,Steven Peters,HipHop,Happy
S0007,U031,2025-05-03T04:30:14.000Z,47,Manager song lose opportunity,Tracy Cunningham,Rock,Happy
S0041,U050,2025-05-01T15:16:23.000Z,230,Establish member,Sarah Griffin,Classical,Energetic
S0029,U096,2025-04-24T05:22:23.000Z,75,Participant test bit return,Lisa Sweeney,Pop,Energetic
S0006,U040,2025-04-24T12:04:34.000Z,176,Experience rather,Michael Williams,Pop,Energetic
S0034,U023,2025-05-03T20:34:41.000Z,248,Behavior quickly,Teresa Ferrell,Jazz,Energetic
S0034,U069,2025-05-02T05:15:38.000Z,228,Behavior quickly,Teresa Ferrell,Jazz,Energetic
S0048,U021,2025-04-23T14:33:33.000Z,137,Experience get never,Carlos Smith,Rock,Happy
S0001,U048,2025-05-01T00:59:03.000Z,142,Lose clear,Richard Leon,HipHop,Chill
S0022,U015,2025-04-24T09:28:51.000Z,222,Itself top economic,Debbie Liu,Pop,Sad
S0026,U013,2025-05-01T03:12:52.000Z,148,Also difficult,Derek Peters,HipHop,Sad
S0032,U082,2025-05-01T16:14:14.000Z,165,Save future,Susan Stone,Rock,Sad
S0038,U071,2025-05-04T06:56:19.000Z,268,Some goal,Nathan Pruitt,Pop,Energetic
S0003,U071,2025-05-06T05:28:34.000Z,199,New leave fact,Jay Nichols,Pop,Sad
S0003,U082,2025-04-24T10:34:19.000Z,265,New leave fact,Jay Nichols,Pop,Sad
S0020,U043,2025-04-27T08:54:52.000Z,51,Actually ok day,Ryan Burns,Rock,Sad
S0013,U012,2025-04-24T06:56:33.000Z,164,Call everyone,Jason Strickland,Pop,Chill
S0032,U045,2025-04-28T19:54:48.000Z,289,Save future,Susan Stone,Rock,Sad
S0032,U037,2025-04-30T22:32:34.000Z,244,Save future,Susan Stone,Rock,Sad
S0029,U078,2025-05-05T02:08:03.000Z,243,Participant test bit return,Lisa Sweeney,Pop,Energetic
S0026,U090,2025-05-04T21:16:42.000Z,138,Also difficult,Derek Peters,HipHop,Sad
S0009,U089,2025-04-27T12:37:37.000Z,47,Seven paper record,Jennifer Carpenter,Classical,Sad
S0026,U071,2025-04-26T04:24:40.000Z,239,Also difficult,Derek Peters,HipHop,Sad
S0041,U009,2025-04-23T14:48:30.000Z,196,Establish member,Sarah Griffin,Classical,Energetic
S0018,U032,2025-04-29T15:49:45.000Z,85,Quality future,Mercedes Cooper,Classical,Happy
S0013,U010,2025-05-04T19:52:31.000Z,73,Call everyone,Jason Strickland,Pop,Chill
S0024,U059,2025-04-28T22:21:37.000Z,139,Situation next,Bruce Richardson,Jazz,Energetic
S0003,U004,2025-05-05T10:02:35.000Z,168,New leave fact,Jay Nichols,Pop,Sad
S0049,U033,2025-04-24T21:00:26.000Z,127,Deal part,Shane Montgomery,Jazz,Sad
S0034,U058,2025-04-24T21:04:43.000Z,224,Behavior quickly,Teresa Ferrell,Jazz,Energetic
S0039,U064,2025-04-25T07:15:11.000Z,146,Could task,Samantha Cooper,HipHop,Sad
S0018,U023,2025-05-03T13:45:41.000Z,274,Quality future,Mercedes Cooper,Classical,Happy
S0005,U002,2025-05-01T01:29:14.000Z,156,Degree,Christina Myers,HipHop,Sad
S0047,U057,2025-05-05T14:50:50.000Z,268,Wait mean,Ethan Reyes,Rock,Energetic
S0027,U022,2025-04-29T03:32:33.000Z,82,Still trip,Dylan Perry,HipHop,Chill
S0028,U029,2025-05-03T22:11:02.000Z,270,Production agree,Lindsey Ferguson,Jazz,Energetic
S0048,U017,2025-04-24T00:15:06.000Z,170,Experience get never,Carlos Smith,Rock,Happy
S0029,U092,2025-04-30T09:54:06.000Z,246,Participant test bit return,Lisa Sweeney,Pop,Energetic
S0050,U094,2025-04-24T19:16:29.000Z,295,How nature explain,Joshua Santos,HipHop,Happy
S0039,U054,2025-05-01T21:16:10.000Z,237,Could task,Samantha Cooper,HipHop,Sad
S0009,U062,2025-04-24T23:07:46.000Z,34,Seven paper record,Jennifer Carpenter,Classical,Sad
S0007,U056,2025-05-01T17:47:13.000Z,204,Manager song lose opportunity,Tracy Cunningham,Rock,Happy
S0039,U090,2025-04-24T09:13:04.000Z,222,Could task,Samantha Cooper,HipHop,Sad
S0040,U084,2025-04-23T15:31:17.000Z,90,Interview whatever,Ashley Deleon,Jazz,Chill
S0003,U001,2025-04-24T19:33:11.000Z,189,New leave fact,Jay Nichols,Pop,Sad
S0029,U097,2025-04-24T11:19:51.000Z,91,Participant test bit return,Lisa Sweeney,Pop,Energetic
S0027,U057,2025-04-28T22:38:24.000Z,291,Still trip,Dylan Perry,HipHop,Chill
S0001,U010,2025-04-27T22:14:45.000Z,34,Lose clear,Richard Leon,HipHop,Chill
S0022,U099,2025-04-23T21:18:48.000Z,145,Itself top economic,Debbie Liu,Pop,Sad
S0033,U092,2025-04-27T20:20:28.000Z,146,Rock popular,Brittany Mason,Pop,Happy
S0040,U035,2025-04-26T06:29:30.000Z,77,Interview whatever,Ashley Deleon,Jazz,Chill
S0010,U091,2025-05-04T03:46:50.000Z,166,Writer young,Jessica Chapman,Jazz,Chill
S0037,U067,2025-05-06T06:35:19.000Z,62,Pretty list political,Sharon Martinez,Jazz,Chill
S0045,U006,2025-04-26T09:36:04.000Z,205,When statement either,Shelley Silva,Rock,Energetic
S0025,U031,2025-04-25T05:20:18.000Z,132,Character traditional,Zachary Estrada,Jazz,Sad
S0044,U093,2025-05-02T18:10:06.000Z,43,They near project,Melinda Hall,HipHop,Sad
S0032,U029,2025-05-02T22:03:44.000Z,154,Save future,Susan Stone,Rock,Sad
S0002,U038,2025-05-06T10:30:31.000Z,195,Son mind south difference,Eric Alvarez,Jazz,Energetic
S0014,U098,2025-05-03T14:30:59.000Z,187,Eye event pressure,Mr. Johnny Fuller,Rock,Happy
S0006,U075,2025-05-04T02:47:19.000Z,175,Experience rather,Michael Williams,Pop,Energetic
S0014,U029,2025-05-06T03:09:06.000Z,284,Eye event pressure,Mr. Johnny Fuller,Rock,Happy
S0026,U073,2025-05-06T02:54:45.000Z,244,Also difficult,Derek Peters,HipHop,Sad
S0013,U038,2025-04-23T01:13:00.000Z,198,Call everyone,Jason Strickland,Pop,Chill
S0020,U082,2025-04-30T22:47:33.000Z,224,Actually ok day,Ryan Burns,Rock,Sad
S0022,U010,2025-04-25T21:28:44.000Z,40,Itself top economic,Debbie Liu,Pop,Sad
S0016,U040,2025-05-05T12:33:57.000Z,89,Particular federal today,Michael Park,Rock,Happy
S0006,U045,2025-05-04T01:38:17.000Z,182,Experience rather,Michael Williams,Pop,Energetic
S0048,U094,2025-04-26T10:20:07.000Z,156,Experience get never,Carlos Smith,Rock,Happy
S0009,U044,2025-05-06T18:55:19.000Z,213,Seven paper record,Jennifer Carpenter,Classical,Sad
S0023,U008,2025-05-06T00:05:37.000Z,198,Support heart discover,Raymond Brown,HipHop,Energetic
S0032,U033,2025-05-02T03:12:16.000Z,163,Save future,Susan Stone,Rock,Sad
S0011,U023,2025-04-25T11:17:57.000Z,87,Attack,Oscar Perkins,Pop,Energetic
S0044,U044,2025-04-25T05:53:53.000Z,141,They near project,Melinda Hall,HipHop,Sad
S0037,U016,2025-05-06T10:43:08.000Z,147,Pretty list political,Sharon Martinez,Jazz,Chill
S0002,U075,2025-05-02T21:48:48.000Z,164,Son mind south difference,Eric Alvarez,Jazz,Energetic
S0037,U044,2025-05-06T08:14:06.000Z,246,Pretty list political,Sharon Martinez,Jazz,Chill
S0036,U037,2025-05-01T01:21:29.000Z,287,Administration the,Cody Zimmerman,Jazz,Energetic
S0024,U073,2025-04-30T15:09:41.000Z,186,Situation next,Bruce Richardson,Jazz,Energetic
S0025,U030,2025-05-05T06:47:33.000Z,41,Character traditional,Zachary Estrada,Jazz,Sad
S0042,U012,2025-04-25T05:02:58.000Z,156,Tough people,Sherri Fleming,Classical,Chill
S0037,U093,2025-04-26T11:02:10.000Z,147,Pretty list political,Sharon Martinez,Jazz,Chill
S0014,U062,2025-04-28T15:13:25.000Z,188,Eye event pressure,Mr. Johnny Fuller,Rock,Happy
S0011,U090,2025-04-30T03:44:46.000Z,77,Attack,Oscar Perkins,Pop,Energetic
S0032,U079,2025-05-02T15:43:18.000Z,81,Save future,Susan Stone,Rock,Sad
S0027,U026,2025-05-06T09:19:04.000Z,127,Still trip,Dylan Perry,HipHop,Chill
S0045,U052,2025-04-30T09:26:53.000Z,190,When statement either,Shelley Silva,Rock,Energetic
S0005,U031,2025-04-29T13:00:54.000Z,57,Degree,Christina Myers,HipHop,Sad
S0040,U084,2025-05-04T19:04:51.000Z,214,Interview whatever,Ashley Deleon,Jazz,Chill
S0034,U045,2025-04-24T07:34:07.000Z,78,Behavior quickly,Teresa Ferrell,Jazz,Energetic
S0004,U070,2025-04-25T17:49:42.000Z,108,Imagine blue,Vickie Kelley,Jazz,Happy
S0027,U037,2025-05-02T05:48:44.000Z,59,Still trip,Dylan Perry,HipHop,Chill
S0034,U008,2025-04-26T05:03:31.000Z,272,Behavior quickly,Teresa Ferrell,Jazz,Energetic
S0017,U003,2025-04-30T14:51:47.000Z,75,Sell strategy physical,Christine Cross,HipHop,Chill
S0004,U021,2025-05-04T16:10:02.000Z,128,Imagine blue,Vickie Kelley,Jazz,Happy
S0012,U083,2025-05-01T20:43:04.000Z,111,Remain would,Mary Cook,Classical,Chill
S0035,U002,2025-05-04T10:13:04.000Z,41,Try investment agreement,Glenn Williams,Jazz,Sad
S0042,U070,2025-05-05T18:47:52.000Z,214,Tough people,Sherri Fleming,Classical,Chill
S0041,U006,2025-04-28T14:06:15.000Z,290,Establish member,Sarah Griffin,Classical,Energetic
S0010,U042,2025-04-29T12:32:16.000Z,130,Writer young,Jessica Chapman,Jazz,Chill
S0031,U012,2025-04-27T07:59:00.000Z,174,Sign page,Angela Wright,HipHop,Chill
S0042,U056,2025-04-28T03:49:06.000Z,93,Tough people,Sherri Fleming,Classical,Chill
S0004,U086,2025-04-30T11:06:10.000Z,197,Imagine blue,Vickie Kelley,Jazz,Happy
S0006,U012,2025-04-26T12:14:30.000Z,267,Experience rather,Michael Williams,Pop,Energetic
S0011,U065,2025-04-29T07:43:21.000Z,156,Attack,Oscar Perkins,Pop,Energetic
S0033,U069,2025-05-06T02:30:58.000Z,74,Rock popular,Brittany Mason,Pop,Happy
S0009,U069,2025-05-04T10:53:58.000Z,31,Seven paper record,Jennifer Carpenter,Classical,Sad
S0015,U075,2025-04-26T19:29:08.000Z,156,Fund like likely above,Ashlee Cobb,Pop,Chill
S0035,U072,2025-04-28T20:43:32.000Z,263,Try investment agreement,Glenn Williams,Jazz,Sad
S0042,U063,2025-04-24T10:30:15.000Z,181,Tough people,Sherri Fleming,Classical,Chill
S0004,U059,2025-04-25T07:11:01.000Z,66,Imagine blue,Vickie Kelley,Jazz,Happy
S0036,U024,2025-04-25T11:50:15.000Z,46,Administration the,Cody Zimmerman,Jazz,Energetic
S0024,U032,2025-04-23T17:19:44.000Z,49,Situation next,Bruce Richardson,Jazz,Energetic
S0050,U012,2025-04-24T16:18:51.000Z,148,How nature explain,Joshua Santos,HipHop,Happy
S0018,U043,2025-04-23T02:05:24.000Z,248,Quality future,Mercedes Cooper,Classical,Happy
S0036,U019,2025-04-27T03:54:31.000Z,182,Administration the,Cody Zimmerman,Jazz,Energetic
S0003,U051,2025-04-27T17:27:35.000Z,243,New leave fact,Jay Nichols,Pop,Sad
S0044,U045,2025-05-06T16:33:51.000Z,130,They near project,Melinda Hall,HipHop,Sad
S0035,U042,2025-04-23T00:55:11.000Z,98,Try investment agreement,Glenn Williams,Jazz,Sad
S0046,U013,2025-04-24T08:30:30.000Z,280,Economic,Steven Peters,HipHop,Happy
S0022,U079,2025-05-04T15:09:37.000Z,294,Itself top economic,Debbie Liu,Pop,Sad
S0024,U026,2025-04-28T23:52:36.000Z,261,Situation next,Bruce Richardson,Jazz,Energetic
S0024,U061,2025-05-04T17:33:26.000Z,137,Situation next,Bruce Richardson,Jazz,Energetic
S0032,U095,2025-04-26T21:06:38.000Z,163,Save future,Susan Stone,Rock,Sad
S0039,U027,2025-04-30T05:14:57.000Z,262,Could task,Samantha Cooper,HipHop,Sad
S0042,U065,2025-04-26T22:25:15.000Z,46,Tough people,Sherri Fleming,Classical,Chill
S0040,U099,2025-04-30T16:05:54.000Z,171,Interview whatever,Ashley Deleon,Jazz,Chill
S0025,U079,2025-05-05T17:11:45.000Z,199,Character traditional,Zachary Estrada,Jazz,Sad
S0013,U041,2025-04-24T19:08:52.000Z,179,Call everyone,Jason Strickland,Pop,Chill
S0019,U033,2025-04-24T03:54:09.000Z,233,Huge power,Gary Patterson,Pop,Happy
S0001,U099,2025-04-25T05:35:57.000Z,87,Lose clear,Richard Leon,HipHop,Chill
S0021,U017,2025-05-05T11:29:54.000Z,272,Wall small hot,Scott Young MD,Rock,Energetic
S0010,U010,2025-04-29T17:10:26.000Z,142,Writer young,Jessica Chapman,Jazz,Chill
S0035,U070,2025-04-29T19:57:40.000Z,198,Try investment agreement,Glenn Williams,Jazz,Sad
S0001,U069,2025-05-01T13:37:52.000Z,150,Lose clear,Richard Leon,HipHop,Chill
S0045,U097,2025-05-02T09:01:20.000Z,139,When statement either,Shelley Silva,Rock,Energetic
S0048,U031,2025-04-29T18:30:25.000Z,149,Experience get never,Carlos Smith,Rock,Happy
S0012,U074,2025-05-02T02:50:22.000Z,148,Remain would,Mary Cook,Classical,Chill
S0035,U075,2025-05-02T14:01:22.000Z,246,Try investment agreement,Glenn Williams,Jazz,Sad
S0039,U050,2025-04-23T04:54:51.000Z,160,Could task,Samantha Cooper,HipHop,Sad
S0038,U015,2025-05-05T05:57:53.000Z,200,Some goal,Nathan Pruitt,Pop,Energetic
S0009,U025,2025-04-28T21:04:28.000Z,145,Seven paper record,Jennifer Carpenter,Classical,Sad
S0001,U006,2025-04-30T12:25:05.000Z,105,Lose clear,Richard Leon,HipHop,Chill
S0007,U083,2025-04-23T17:11:10.000Z,270,Manager song lose opportunity,Tracy Cunningham,Rock,Happy
S0020,U065,2025-05-06T12:54:08.000Z,36,Actually ok day,Ryan Burns,Rock,Sad
S0022,U042,2025-04-26T11:35:28.000Z,246,Itself top economic,Debbie Liu,Pop,Sad
S0042,U016,2025-05-05T16:01:11.000Z,43,Tough people,Sherri Fleming,Classical,Chill
S0045,U094,2025-04-25T18:57:17.000Z,144,When statement either,Shelley Silva,Rock,Energetic
S0033,U090,2025-05-03T22:57:18.000Z,112,Rock popular,Brittany Mason,Pop,Happy
S0021,U096,2025-05-01T03:24:49.000Z,117,Wall small hot,Scott Young MD,Rock,Energetic
S0012,U094,2025-05-01T01:40:24.000Z,272,Remain would,Mary Cook,Classical,Chill
S0045,U039,2025-05-05T07:36:59.000Z,151,When statement either,Shelley Silva,Rock,Energetic
S0046,U068,2025-05-06T03:07:15.000Z,245,Economic,Steven Peters,HipHop,Happy
S0014,U092,2025-04-25T18:52:25.000Z,213,Eye event pressure,Mr. Johnny Fuller,Rock,Happy
S0039,U012,2025-04-27T02:58:17.000Z,218,Could task,Samantha Cooper,HipHop,Sad
S0006,U079,2025-04-24T19:14:07.000Z,222,Experience rather,Michael Williams,Pop,Energetic
S0014,U063,2025-04-23T10:51:41.000Z,81,Eye event pressure,Mr. Johnny Fuller,Rock,Happy
S0014,U007,2025-04-26T03:04:26.000Z,275,Eye event pressure,Mr. Johnny Fuller,Rock,Happy
S0001,U063,2025-05-04T10:39:07.000Z,168,Lose clear,Richard Leon,HipHop,Chill
S0037,U027,2025-05-02T18:14:21.000Z,100,Pretty list political,Sharon Martinez,Jazz,Chill
S0022,U072,2025-04-25T13:13:51.000Z,123,Itself top economic,Debbie Liu,Pop,Sad
S0001,U048,2025-05-03T23:57:01.000Z,59,Lose clear,Richard Leon,HipHop,Chill
S0034,U029,2025-05-05T22:35:56.000Z,125,Behavior quickly,Teresa Ferrell,Jazz,Energetic
S0047,U049,2025-05-03T15:31:08.000Z,35,Wait mean,Ethan Reyes,Rock,Energetic
S0040,U036,2025-04-26T11:16:34.000Z,167,Interview whatever,Ashley Deleon,Jazz,Chill
S0028,U056,2025-05-04T21:34:06.000Z,217,Production agree,Lindsey Ferguson,Jazz,Energetic
S0029,U057,2025-04-25T10:45:59.000Z,64,Participant test bit return,Lisa Sweeney,Pop,Energetic
S0039,U090,2025-04-30T05:43:26.000Z,99,Could task,Samantha Cooper,HipHop,Sad
S0045,U078,2025-04-25T11:18:56.000Z,69,When statement either,Shelley Silva,Rock,Energetic
S0049,U055,2025-05-02T13:53:50.000Z,253,Deal part,Shane Montgomery,Jazz,Sad
S0040,U039,2025-05-03T12:56:14.000Z,57,Interview whatever,Ashley Deleon,Jazz,Chill
S0042,U018,2025-04-28T12:10:20.000Z,298,Tough people,Sherri Fleming,Classical,Chill
S0022,U032,2025-04-24T18:05:24.000Z,123,Itself top economic,Debbie Liu,Pop,Sad
S0001,U100,2025-04-25T19:59:20.000Z,137,Lose clear,Richard Leon,HipHop,Chill
S0045,U073,2025-04-28T01:03:42.000Z,55,When statement either,Shelley Silva,Rock,Energetic
S0009,U011,2025-05-01T16:42:05.000Z,32,Seven paper record,Jennifer Carpenter,Classical,Sad
S0003,U010,2025-05-04T23:40:57.000Z,274,New leave fact,Jay Nichols,Pop,Sad
S0035,U075,2025-05-04T21:32:41.000Z,61,Try investment agreement,Glenn Williams,Jazz,Sad
S0013,U099,2025-05-01T09:04:26.000Z,284,Call everyone,Jason Strickland,Pop,Chill
S0013,U049,2025-04-25T23:12:38.000Z,51,Call everyone,Jason Strickland,Pop,Chill
S0005,U005,2025-04-28T03:21:52.000Z,250,Degree,Christina Myers,HipHop,Sad
S0042,U061,2025-05-02T04:00:24.000Z,244,Tough people,Sherri Fleming,Classical,Chill
S0050,U013,2025-05-06T05:33:34.000Z,92,How nature explain,Joshua Santos,HipHop,Happy
S0024,U010,2025-04-23T23:00:03.000Z,211,Situation next,Bruce Richardson,Jazz,Energetic
S0008,U085,2025-05-05T05:09:37.000Z,110,Discuss yourself window,Kathleen Bailey,Rock,Energetic
S0021,U065,2025-05-04T21:36:27.000Z,171,Wall small hot,Scott Young MD,Rock,Energetic
S0001,U063,2025-05-04T05:42:16.000Z,231,Lose clear,Richard Leon,HipHop,Chill
S0048,U042,2025-05-01T00:17:02.000Z,36,Experience get never,Carlos Smith,Rock,Happy
S0043,U018,2025-05-06T00:29:27.000Z,188,Long spend,Mary Sutton,Rock,Energetic
S0021,U026,2025-04-28T22:53:43.000Z,82,Wall small hot,Scott Young MD,Rock,Energetic
S0028,U003,2025-04-25T20:03:25.000Z,264,Production agree,Lindsey Ferguson,Jazz,Energetic
S0030,U042,2025-04-24T13:02:12.000Z,52,Have education,Michele Walker,HipHop,Energetic
S0027,U093,2025-04-26T00:45:07.000Z,68,Still trip,Dylan Perry,HipHop,Chill
S0003,U030,2025-05-01T12:17:21.000Z,190,New leave fact,Jay Nichols,Pop,Sad
S0034,U046,2025-04-28T20:13:50.000Z,171,Behavior quickly,Teresa Ferrell,Jazz,Energetic
S0001,U033,2025-04-29T08:11:33.000Z,73,Lose clear,Richard Leon,HipHop,Chill
S0033,U043,2025-04-27T10:57:31.000Z,183,Rock popular,Brittany Mason,Pop,Happy
S0031,U057,2025-04-24T19:40:26.000Z,146,Sign page,Angela Wright,HipHop,Chill
S0021,U092,2025-05-04T04:29:20.000Z,156,Wall small hot,Scott Young MD,Rock,Energetic
S0050,U100,2025-04-27T13:30:48.000Z,106,How nature explain,Joshua Santos,HipHop,Happy
S0029,U039,2025-05-06T02:02:54.000Z,60,Participant test bit return,Lisa Sweeney,Pop,Energetic
S0037,U058,2025-04-26T20:28:40.000Z,154,Pretty list political,Sharon Martinez,Jazz,Chill
S0011,U052,2025-05-03T08:00:04.000Z,90,Attack,Oscar Perkins,Pop,Energetic
S0021,U007,2025-05-02T03:45:47.000Z,218,Wall small hot,Scott Young MD,Rock,Energetic
S0020,U070,2025-04-26T21:03:25.000Z,58,Actually ok day,Ryan Burns,Rock,Sad
S0026,U070,2025-04-26T00:23:11.000Z,60,Also difficult,Derek Peters,HipHop,Sad
S0016,U032,2025-04-23T03:30:55.000Z,56,Particular federal today,Michael Park,Rock,Happy
S0047,U067,2025-05-03T13:35:42.000Z,142,Wait mean,Ethan Reyes,Rock,Energetic
S0016,U019,2025-04-30T03:36:51.000Z,254,Particular federal today,Michael Park,Rock,Happy
S0004,U029,2025-04-28T05:40:48.000Z,213,Imagine blue,Vickie Kelley,Jazz,Happy
S0012,U025,2025-05-05T22:46:06.000Z,208,Remain would,Mary Cook,Classical,Chill
S0039,U081,2025-05-04T12:45:37.000Z,254,Could task,Samantha Cooper,HipHop,Sad
S0033,U082,2025-05-06T00:01:56.000Z,300,Rock popular,Brittany Mason,Pop,Happy
S0050,U042,2025-04-28T04:09:43.000Z,297,How nature explain,Joshua Santos,HipHop,Happy
S0048,U040,2025-05-04T13:15:23.000Z,74,Experience get never,Carlos Smith,Rock,Happy
S0025,U042,2025-04-27T18:56:47.000Z,212,Character traditional,Zachary Estrada,Jazz,Sad
S0015,U064,2025-05-03T01:09:15.000Z,280,Fund like likely above,Ashlee Cobb,Pop,Chill
S0001,U091,2025-04-23T07:43:50.000Z,183,Lose clear,Richard Leon,HipHop,Chill
S0033,U048,2025-05-06T13:32:30.000Z,99,Rock popular,Brittany Mason,Pop,Happy
S0001,U061,2025-04-27T01:10:21.000Z,276,Lose clear,Richard Leon,HipHop,Chill
S0050,U047,2025-04-23T16:25:44.000Z,173,How nature explain,Joshua Santos,HipHop,Happy
S0039,U066,2025-05-03T13:45:31.000Z,204,Could task,Samantha Cooper,HipHop,Sad
S0035,U053,2025-04-29T22:52:59.000Z,248,Try investment agreement,Glenn Williams,Jazz,Sad
S0038,U020,2025-04-25T08:18:16.000Z,260,Some goal,Nathan Pruitt,Pop,Energetic
S0044,U016,2025-05-03T02:11:28.000Z,277,They near project,Melinda Hall,HipHop,Sad
S0024,U089,2025-04-25T12:34:51.000Z,99,Situation next,Bruce Richardson,Jazz,Energetic
S0049,U073,2025-04-25T06:02:29.000Z,200,Deal part,Shane Montgomery,Jazz,Sad
S0028,U029,2025-05-06T08:15:06.000Z,172,Production agree,Lindsey Ferguson,Jazz,Energetic
S0042,U095,2025-05-05T13:53:33.000Z,161,Tough people,Sherri Fleming,Classical,Chill
S0002,U016,2025-04-29T05:58:36.000Z,247,Son mind south difference,Eric Alvarez,Jazz,Energetic
S0047,U069,2025-05-02T13:28:57.000Z,299,Wait mean,Ethan Reyes,Rock,Energetic
S0016,U096,2025-05-03T03:32:32.000Z,190,Particular federal today,Michael Park,Rock,Happy
S0022,U060,2025-05-02T17:18:11.000Z,127,Itself top economic,Debbie Liu,Pop,Sad
S0027,U014,2025-04-25T23:00:35.000Z,219,Still trip,Dylan Perry,HipHop,Chill
S0021,U034,2025-04-28T16:03:52.000Z,71,Wall small hot,Scott Young MD,Rock,Energetic
S0040,U048,2025-05-06T15:32:49.000Z,180,Interview whatever,Ashley Deleon,Jazz,Chill
S0025,U063,2025-04-25T22:45:06.000Z,289,Character traditional,Zachary Estrada,Jazz,Sad
S0036,U091,2025-05-04T19:23:03.000Z,267,Administration the,Cody Zimmerman,Jazz,Energetic
S0031,U004,2025-04-29T20:09:11.000Z,230,Sign page,Angela Wright,HipHop,Chill
S0049,U047,2025-04-29T13:58:04.000Z,222,Deal part,Shane Montgomery,Jazz,Sad
S0021,U094,2025-04-23T18:59:00.000Z,170,Wall small hot,Scott Young MD,Rock,Energetic
S0027,U016,2025-05-06T13:06:47.000Z,252,Still trip,Dylan Perry,HipHop,Chill
S0016,U021,2025-04-28T22:22:24.000Z,276,Particular federal today,Michael Park,Rock,Happy
S0024,U014,2025-04-28T19:03:07.000Z,258,Situation next,Bruce Richardson,Jazz,Energetic
S0014,U073,2025-05-01T22:14:52.000Z,262,Eye event pressure,Mr. Johnny Fuller,Rock,Happy
S0025,U040,2025-05-06T20:39:17.000Z,45,Character traditional,Zachary Estrada,Jazz,Sad
S0048,U052,2025-05-03T23:05:42.000Z,78,Experience get never,Carlos Smith,Rock,Happy
S0037,U052,2025-05-02T15:30:24.000Z,86,Pretty list political,Sharon Martinez,Jazz,Chill
S0015,U060,2025-05-04T22:26:22.000Z,243,Fund like likely above,Ashlee Cobb,Pop,Chill
S0029,U049,2025-05-05T06:57:16.000Z,292,Participant test bit return,Lisa Sweeney,Pop,Energetic
S0002,U063,2025-04-30T10:40:30.000Z,256,Son mind south difference,Eric Alvarez,Jazz,Energetic
S0042,U029,2025-05-03T06:24:57.000Z,170,Tough people,Sherri Fleming,Classical,Chill
S0034,U020,2025-04-25T09:29:20.000Z,101,Behavior quickly,Teresa Ferrell,Jazz,Energetic
S0050,U072,2025-05-02T12:32:53.000Z,147,How nature explain,Joshua Santos,HipHop,Happy
S0028,U024,2025-04-24T15:12:08.000Z,61,Production agree,Lindsey Ferguson,Jazz,Energetic
S0010,U048,2025-04-26T21:48:52.000Z,229,Writer young,Jessica Chapman,Jazz,Chill
S0049,U050,2025-04-30T00:39:29.000Z,75,Deal part,Shane Montgomery,Jazz,Sad
S0037,U010,2025-05-01T20:15:51.000Z,271,Pretty list political,Sharon Martinez,Jazz,Chill
S0039,U054,2025-04-28T19:04:11.000Z,92,Could task,Samantha Cooper,HipHop,Sad
S0004,U088,2025-05-06T15:41:33.000Z,210,Imagine blue,Vickie Kelley,Jazz,Happy
S0013,U024,2025-05-04T00:20:35.000Z,64,Call everyone,Jason Strickland,Pop,Chill
S0007,U025,2025-05-02T02:14:51.000Z,269,Manager song lose opportunity,Tracy Cunningham,Rock,Happy
S0018,U082,2025-04-29T13:34:50.000Z,110,Quality future,Mercedes Cooper,Classical,Happy
S0050,U033,2025-05-01T16:14:13.000Z,275,How nature explain,Joshua Santos,HipHop,Happy
S0043,U020,2025-04-23T02:52:49.000Z,36,Long spend,Mary Sutton,Rock,Energetic
S0046,U092,2025-05-06T07:25:20.000Z,113,Economic,Steven Peters,HipHop,Happy
S0038,U088,2025-04-28T13:11:51.000Z,266,Some goal,Nathan Pruitt,Pop,Energetic
S0011,U093,2025-05-03T23:33:09.000Z,216,Attack,Oscar Perkins,Pop,Energetic
S0045,U034,2025-05-06T05:43:01.000Z,49,When statement either,Shelley Silva,Rock,Energetic
S0033,U058,2025-05-01T19:29:16.000Z,91,Rock popular,Brittany Mason,Pop,Happy
S0005,U012,2025-04-28T05:05:07.000Z,278,Degree,Christina Myers,HipHop,Sad
S0012,U044,2025-05-06T06:01:03.000Z,168,Remain would,Mary Cook,Classical,Chill
S0046,U037,2025-04-28T05:56:31.000Z,138,Economic,Steven Peters,HipHop,Happy
S0007,U096,2025-04-25T14:35:00.000Z,193,Manager song lose opportunity,Tracy Cunningham,Rock,Happy
S0019,U076,2025-04-29T20:04:16.000Z,69,Huge power,Gary Patterson,Pop,Happy
S0027,U030,2025-04-27T01:05:05.000Z,102,Still trip,Dylan Perry,HipHop,Chill
S0010,U031,2025-04-27T18:30:30.000Z,45,Writer young,Jessica Chapman,Jazz,Chill
S0047,U046,2025-04-26T15:36:10.000Z,92,Wait mean,Ethan Reyes,Rock,Energetic
S0038,U039,2025-04-23T18:58:53.000Z,263,Some goal,Nathan Pruitt,Pop,Energetic
S0042,U070,2025-05-06T05:28:04.000Z,135,Tough people,Sherri Fleming,Classical,Chill
S0039,U089,2025-04-23T10:21:00.000Z,40,Could task,Samantha Cooper,HipHop,Sad
S0005,U061,2025-04-29T20:04:20.000Z,82,Degree,Christina Myers,HipHop,Sad
S0021,U034,2025-05-02T16:50:13.000Z,151,Wall small hot,Scott Young MD,Rock,Energetic
S0006,U100,2025-04-26T02:58:40.000Z,153,Experience rather,Michael Williams,Pop,Energetic
S0030,U002,2025-04-27T09:22:42.000Z,193,Have education,Michele Walker,HipHop,Energetic
S0012,U019,2025-05-03T17:12:59.000Z,52,Remain would,Mary Cook,Classical,Chill
S0024,U073,2025-04-25T09:53:11.000Z,214,Situation next,Bruce Richardson,Jazz,Energetic
S0050,U015,2025-05-01T15:45:40.000Z,103,How nature explain,Joshua Santos,HipHop,Happy
S0003,U080,2025-04-29T12:17:49.000Z,210,New leave fact,Jay Nichols,Pop,Sad
S0015,U034,2025-04-23T17:21:37.000Z,232,Fund like likely above,Ashlee Cobb,Pop,Chill
S0009,U051,2025-04-26T04:55:08.000Z,56,Seven paper record,Jennifer Carpenter,Classical,Sad
S0036,U011,2025-04-29T10:01:04.000Z,162,Administration the,Cody Zimmerman,Jazz,Energetic
S0023,U054,2025-04-27T14:55:19.000Z,259,Support heart discover,Raymond Brown,HipHop,Energetic
S0004,U070,2025-04-23T07:14:27.000Z,104,Imagine blue,Vickie Kelley,Jazz,Happy
S0042,U058,2025-04-30T08:58:33.000Z,270,Tough people,Sherri Fleming,Classical,Chill
S0038,U010,2025-05-04T21:52:42.000Z,88,Some goal,Nathan Pruitt,Pop,Energetic
S0039,U051,2025-04-23T19:21:42.000Z,190,Could task,Samantha Cooper,HipHop,Sad
S0004,U070,2025-05-01T18:55:51.000Z,198,Imagine blue,Vickie Kelley,Jazz,Happy
S0008,U046,2025-04-23T03:17:43.000Z,137,Discuss yourself window,Kathleen Bailey,Rock,Energetic
S0013,U092,2025-05-05T11:01:01.000Z,42,Call everyone,Jason Strickland,Pop,Chill
S0011,U068,2025-04-25T02:50:38.000Z,52,Attack,Oscar Perkins,Pop,Energetic
S0011,U003,2025-04-25T23:44:50.000Z,230,Attack,Oscar Perkins,Pop,Energetic
S0023,U067,2025-05-02T19:09:06.000Z,42,Support heart discover,Raymond Brown,HipHop,Energetic
S0034,U007,2025-05-04T03:55:00.000Z,112,Behavior quickly,Teresa Ferrell,Jazz,Energetic
S0003,U085,2025-04-27T23:58:58.000Z,283,New leave fact,Jay Nichols,Pop,Sad
S0041,U085,2025-04-25T23:45:40.000Z,170,Establish member,Sarah Griffin,Classical,Energetic
S0040,U099,2025-05-04T20:44:51.000Z,105,Interview whatever,Ashley Deleon,Jazz,Chill
S0042,U098,2025-05-02T19:57:09.000Z,272,Tough people,Sherri Fleming,Classical,Chill
S0026,U040,2025-04-24T21:49:53.000Z,67,Also difficult,Derek Peters,HipHop,Sad
S0033,U041,2025-04-26T22:22:37.000Z,251,Rock popular,Brittany Mason,Pop,Happy
S0017,U096,2025-05-03T23:56:50.000Z,140,Sell strategy physical,Christine Cross,HipHop,Chill
S0042,U023,2025-04-24T17:08:50.000Z,141,Tough people,Sherri Fleming,Classical,Chill
S0012,U065,2025-04-25T17:29:25.000Z,213,Remain would,Mary Cook,Classical,Chill
S0003,U069,2025-04-30T15:52:36.000Z,58,New leave fact,Jay Nichols,Pop,Sad
S0011,U083,2025-04-28T00:07:51.000Z,184,Attack,Oscar Perkins,Pop,Energetic
S0035,U097,2025-05-06T01:52:01.000Z,210,Try investment agreement,Glenn Williams,Jazz,Sad
S0040,U087,2025-05-01T04:35:42.000Z,255,Interview whatever,Ashley Deleon,Jazz,Chill
S0011,U066,2025-05-05T01:04:18.000Z,208,Attack,Oscar Perkins,Pop,Energetic
S0010,U068,2025-05-03T03:11:49.000Z,241,Writer young,Jessica Chapman,Jazz,Chill
S0035,U063,2025-05-02T02:22:55.000Z,233,Try investment agreement,Glenn Williams,Jazz,Sad
S0040,U027,2025-04-23T16:25:48.000Z,282,Interview whatever,Ashley Deleon,Jazz,Chill
S0019,U082,2025-04-25T13:07:41.000Z,266,Huge power,Gary Patterson,Pop,Happy
S0013,U099,2025-04-23T00:53:08.000Z,117,Call everyone,Jason Strickland,Pop,Chill
S0036,U040,2025-05-02T14:36:10.000Z,42,Administration the,Cody Zimmerman,Jazz,Energetic
S0005,U070,2025-04-27T14:54:48.000Z,60,Degree,Christina Myers,HipHop,Sad
S0050,U002,2025-04-30T01:09:47.000Z,297,How nature explain,Joshua Santos,HipHop,Happy
S0028,U004,2025-04-24T07:27:56.000Z,140,Production agree,Lindsey Ferguson,Jazz,Energetic
S0049,U087,2025-04-27T01:03:06.000Z,282,Deal part,Shane Montgomery,Jazz,Sad
S0005,U043,2025-04-27T19:45:20.000Z,202,Degree,Christina Myers,HipHop,Sad
S0012,U053,2025-04-26T14:58:04.000Z,129,Remain would,Mary Cook,Classical,Chill
S0033,U037,2025-04-30T07:24:33.000Z,264,Rock popular,Brittany Mason,Pop,Happy
S0013,U044,2025-05-05T19:23:02.000Z,87,Call everyone,Jason Strickland,Pop,Chill
S0036,U002,2025-05-05T20:58:05.000Z,83,Administration the,Cody Zimmerman,Jazz,Energetic
S0036,U087,2025-04-29T16:13:53.000Z,109,Administration the,Cody Zimmerman,Jazz,Energetic
S0011,U093,2025-05-03T20:09:35.000Z,157,Attack,Oscar Perkins,Pop,Energetic
S0008,U037,2025-05-02T10:08:48.000Z,294,Discuss yourself window,Kathleen Bailey,Rock,Energetic
S0033,U053,2025-04-25T13:44:03.000Z,157,Rock popular,Brittany Mason,Pop,Happy
S0041,U085,2025-05-05T21:46:48.000Z,189,Establish member,Sarah Griffin,Classical,Energetic
S0005,U045,2025-05-03T10:11:02.000Z,41,Degree,Christina Myers,HipHop,Sad
S0005,U015,2025-04-28T03:56:37.000Z,141,Degree,Christina Myers,HipHop,Sad
S0046,U040,2025-05-02T07:32:45.000Z,249,Economic,Steven Peters,HipHop,Happy
S0014,U040,2025-04-23T00:46:55.000Z,131,Eye event pressure,Mr. Johnny Fuller,Rock,Happy
S0032,U067,2025-04-29T20:59:36.000Z,207,Save future,Susan Stone,Rock,Sad
S0037,U095,2025-04-24T13:08:28.000Z,189,Pretty list political,Sharon Martinez,Jazz,Chill
S0037,U063,2025-05-02T05:05:33.000Z,297,Pretty list political,Sharon Martinez,Jazz,Chill
S0040,U038,2025-05-03T06:22:41.000Z,217,Interview whatever,Ashley Deleon,Jazz,Chill
S0003,U075,2025-04-26T02:19:43.000Z,154,New leave fact,Jay Nichols,Pop,Sad
S0044,U043,2025-04-25T00:59:07.000Z,65,They near project,Melinda Hall,HipHop,Sad
S0034,U076,2025-05-02T05:19:19.000Z,142,Behavior quickly,Teresa Ferrell,Jazz,Energetic
S0047,U088,2025-05-04T06:16:02.000Z,31,Wait mean,Ethan Reyes,Rock,Energetic
S0038,U039,2025-05-04T06:33:55.000Z,198,Some goal,Nathan Pruitt,Pop,Energetic
S0042,U035,2025-04-27T15:23:42.000Z,186,Tough people,Sherri Fleming,Classical,Chill
S0048,U066,2025-04-27T09:40:00.000Z,43,Experience get never,Carlos Smith,Rock,Happy
S0018,U008,2025-04-25T19:47:21.000Z,198,Quality future,Mercedes Cooper,Classical,Happy
S0045,U098,2025-05-02T21:30:55.000Z,210,When statement either,Shelley Silva,Rock,Energetic
S0049,U035,2025-05-03T20:34:32.000Z,132,Deal part,Shane Montgomery,Jazz,Sad
S0040,U024,2025-04-23T13:54:53.000Z,244,Interview whatever,Ashley Deleon,Jazz,Chill
S0012,U096,2025-04-25T19:50:41.000Z,287,Remain would,Mary Cook,Classical,Chill
S0046,U054,2025-05-04T05:21:52.000Z,68,Economic,Steven Peters,HipHop,Happy
S0022,U023,2025-05-05T17:49:43.000Z,239,Itself top economic,Debbie Liu,Pop,Sad
S0050,U085,2025-04-26T15:38:48.000Z,91,How nature explain,Joshua Santos,HipHop,Happy
S0014,U070,2025-05-05T01:07:50.000Z,203,Eye event pressure,Mr. Johnny Fuller,Rock,Happy
S0024,U023,2025-04-28T21:40:21.000Z,286,Situation next,Bruce Richardson,Jazz,Energetic
S0036,U009,2025-04-23T22:29:27.000Z,137,Administration the,Cody Zimmerman,Jazz,Energetic
S0030,U019,2025-04-30T18:32:38.000Z,233,Have education,Michele Walker,HipHop,Energetic
S0022,U033,2025-05-02T17:50:13.000Z,206,Itself top economic,Debbie Liu,Pop,Sad
S0030,U092,2025-05-01T09:54:52.000Z,39,Have education,Michele Walker,HipHop,Energetic
S0027,U092,2025-05-05T05:46:43.000Z,299,Still trip,Dylan Perry,HipHop,Chill
S0037,U079,2025-04-29T06:52:39.000Z,234,Pretty list political,Sharon Martinez,Jazz,Chill
S0011,U082,2025-04-27T03:45:59.000Z,32,Attack,Oscar Perkins,Pop,Energetic
S0047,U004,2025-05-01T16:40:47.000Z,129,Wait mean,Ethan Reyes,Rock,Energetic
S0011,U071,2025-05-05T22:35:35.000Z,280,Attack,Oscar Perkins,Pop,Energetic
S0006,U076,2025-04-27T23:09:22.000Z,101,Experience rather,Michael Williams,Pop,Energetic
S0020,U099,2025-04-27T04:20:45.000Z,234,Actually ok day,Ryan Burns,Rock,Sad
S0018,U050,2025-04-23T07:56:34.000Z,265,Quality future,Mercedes Cooper,Classical,Happy
S0020,U002,2025-05-04T00:43:50.000Z,158,Actually ok day,Ryan Burns,Rock,Sad
S0004,U078,2025-04-30T16:04:18.000Z,229,Imagine blue,Vickie Kelley,Jazz,Happy
S0043,U060,2025-04-26T01:03:52.000Z,194,Long spend,Mary Sutton,Rock,Energetic
S0045,U043,2025-04-30T10:34:28.000Z,93,When statement either,Shelley Silva,Rock,Energetic
S0003,U066,2025-04-27T19:08:28.000Z,147,New leave fact,Jay Nichols,Pop,Sad
S0017,U008,2025-04-25T04:17:38.000Z,56,Sell strategy physical,Christine Cross,HipHop,Chill
S0044,U093,2025-04-30T22:42:16.000Z,180,They near project,Melinda Hall,HipHop,Sad
S0036,U077,2025-05-06T21:45:50.000Z,102,Administration the,Cody Zimmerman,Jazz,Energetic
S0046,U039,2025-05-01T01:12:14.000Z,87,Economic,Steven Peters,HipHop,Happy
S0047,U040,2025-05-05T09:52:54.000Z,178,Wait mean,Ethan Reyes,Rock,Energetic
S0031,U082,2025-04-25T16:55:36.000Z,192,Sign page,Angela Wright,HipHop,Chill
S0047,U062,2025-04-29T20:35:28.000Z,277,Wait mean,Ethan Reyes,Rock,Energetic
S0031,U065,2025-05-04T16:23:46.000Z,144,Sign page,Angela Wright,HipHop,Chill
S0021,U007,2025-05-03T07:17:11.000Z,163,Wall small hot,Scott Young MD,Rock,Energetic
S0040,U078,2025-04-27T15:29:14.000Z,171,Interview whatever,Ashley Deleon,Jazz,Chill
S0024,U068,2025-04-24T14:57:56.000Z,69,Situation next,Bruce Richardson,Jazz,Energetic
S0001,U075,2025-04-24T17:34:50.000Z,57,Lose clear,Richard Leon,HipHop,Chill
S0050,U086,2025-04-26T18:00:45.000Z,299,How nature explain,Joshua Santos,HipHop,Happy
S0002,U081,2025-04-23T00:02:50.000Z,272,Son mind south difference,Eric Alvarez,Jazz,Energetic
S0045,U071,2025-05-03T09:21:29.000Z,62,When statement either,Shelley Silva,Rock,Energetic
S0029,U046,2025-04-27T20:00:33.000Z,87,Participant test bit return,Lisa Sweeney,Pop,Energetic
S0012,U058,2025-05-06T23:31:02.000Z,202,Remain would,Mary Cook,Classical,Chill
S0029,U024,2025-04-30T15:55:03.000Z,48,Participant test bit return,Lisa Sweeney,Pop,Energetic
S0017,U084,2025-04-30T08:24:52.000Z,171,Sell strategy physical,Christine Cross,HipHop,Chill
S0045,U072,2025-05-03T08:15:16.000Z,122,When statement either,Shelley Silva,Rock,Energetic
S0021,U036,2025-04-25T16:38:25.000Z,61,Wall small hot,Scott Young MD,Rock,Energetic
