song_id,title,artist,genre,mood
S0001,Lose clear,Richard Leon,HipHop,Chill
S0002,Son mind south difference,Eric Alvarez,Jazz,Energetic
S0003,New leave fact,Jay Nichols,Pop,Sad
S0004,Imagine blue,Vickie Kelley,Jazz,Happy
S0005,Degree,Christina Myers,HipHop,Sad
S0006,Experience rather,Michael Williams,Pop,Energetic
S0007,Manager song lose opportunity,Tracy Cunningham,Rock,Happy
S0008,Discuss yourself window,Kathleen Bailey,Rock,Energetic
S0009,Seven paper record,Jennifer Carpenter,Classical,Sad
S0010,Writer young,Jessica Chapman,Jazz,Chill
S0011,Attack,Oscar Perkins,Pop,Energetic
S0012,Remain would,Mary Cook,Classical,Chill
S0013,Call everyone,Jason Strickland,Pop,Chill
S0014,Eye event pressure,Mr. Johnny Fuller,Rock,Happy
S0015,Fund like likely above,Ashlee Cobb,Pop,Chill
S0016,Particular federal today,Michael Park,Rock,Happy
S0017,Sell strategy physical,Christine Cross,HipHop,Chill
S0018,Quality future,Mercedes Cooper,Classical,Happy
S0019,Huge power,Gary Patterson,Pop,Happy
S0020,Actually ok day,Ryan Burns,Rock,Sad
S0021,Wall small hot,Scott Young MD,Rock,Energetic
S0022,Itself top economic,Debbie Liu,Pop,Sad
S0023,Support heart discover,Raymond Brown,HipHop,Energetic
S0024,Situation next,Bruce Richardson,Jazz,Energetic
S0025,Character traditional,Zachary Estrada,Jazz,Sad
S0026,Also difficult,Derek Peters,HipHop,Sad
S0027,Still trip,Dylan Perry,HipHop,Chill
S0028,Production agree,Lindsey Ferguson,Jazz,Energetic
S0029,Participant test bit return,Lisa Sweeney,Pop,Energetic
S0030,Have education,Michele Walker,HipHop,Energetic
S0031,Sign page,Angela Wright,HipHop,Chill
S0032,Save future,Susan Stone,Rock,Sad
S0033,Rock popular,Brittany Mason,Pop,Happy
S0034,Behavior quickly,Teresa Ferrell,Jazz,Energetic
S0035,Try investment agreement,Glenn Williams,Jazz,Sad
S0036,Administration the,Cody Zimmerman,Jazz,Energetic
S0037,Pretty list political,Sharon Martinez,Jazz,Chill
S0038,Some goal,Nathan Pruitt,Pop,Energetic
S0039,Could task,Samantha Cooper,HipHop,Sad
S0040,Interview whatever,Ashley Deleon,Jazz,Chill
S0041,Establish member,Sarah Griffin,Classical,Energetic
S0042,Tough people,Sherri Fleming,Classical,Chill
S0043,Long spend,Mary Sutton,Rock,Energetic
S0044,They near project,Melinda Hall,HipHop,Sad
S0045,When statement either,Shelley Silva,Rock,Energetic
S0046,Economic,Steven Peters,HipHop,Happy
S0047,Wait mean,Ethan Reyes,Rock,Energetic
S0048,Experience get never,Carlos Smith,Rock,Happy
S0049,Deal part,Shane Montgomery,Jazz,Sad
S0050,How nature explain,Joshua Santos,HipHop,Happy
